attendance,cgpa,fee_delay,assignments,engagement,risk_score
28,5.42,71,88,7.0,100.0
70,6.42,45,67,6.1,47.08
1,8.11,29,65,4.0,100.0
80,8.26,5,81,6.1,18.65
69,5.59,25,74,5.4,45.11
98,8.46,3,72,8.6,11.21
68,5.63,13,84,6.9,39.96
88,7.54,1,89,6.7,16.11
71,6.49,44,73,5.2,45.15
3,6.06,5,81,6.7,100.0
17,8.38,33,69,8.5,82.1
75,6.15,23,82,5.6,36.84
100,8.47,1,84,8.5,8.94
59,7.54,108,68,5.5,73.67
24,9.43,87,60,5.0,85.81
10,5.49,7,62,8.0,100.0
69,6.22,37,66,6.6,46.08
60,5.63,32,83,6.0,61.66
62,6.44,46,74,6.1,61.29
93,8.73,8,84,7.3,12.15
12,5.51,95,66,6.4,100.0
63,7.32,32,66,5.2,49.72
83,9.86,6,88,6.5,9.4
92,8.24,4,75,7.4,14.13
19,8.96,74,85,4.6,89.55
32,5.86,26,89,4.0,84.94
2,4.53,71,86,6.1,100.0
50,5.85,23,74,4.8,66.31
23,8.02,112,89,8.9,99.69
86,8.74,0,74,6.9,12.97
48,9.38,91,81,4.2,63.6
0,5.7,1,80,6.4,100.0
83,7.7,7,86,8.2,18.33
51,9.42,85,70,8.1,58.85
88,8.3,5,85,6.1,15.08
63,5.53,12,78,5.0,50.61
40,7.95,38,77,8.2,63.73
77,7.35,39,69,4.8,36.43
75,6.61,11,60,4.3,33.48
84,9.71,6,78,6.8,10.71
95,9.74,7,70,7.9,8.72
7,8.43,103,79,6.9,100.0
24,7.82,92,77,4.8,100.0
62,6.8,45,60,4.1,60.15
75,6.99,17,66,6.2,32.6
47,4.97,114,81,5.3,100.0
37,9.39,50,81,8.5,56.35
60,6.65,42,64,4.7,61.16
63,5.55,26,71,6.8,57.57
100,9.71,11,78,8.9,8.02
45,9.33,98,87,8.3,64.04
20,5.45,32,62,4.8,100.0
62,6.64,33,77,5.8,54.22
81,8.14,9,71,7.0,20.55
88,9.26,6,79,8.4,10.21
92,7.7,6,73,8.4,16.33
73,7.09,21,78,5.0,33.15
1,6.69,62,81,5.6,100.0
21,7.45,85,76,4.2,100.0
90,7.82,0,77,8.3,14.16
4,6.79,5,72,5.0,100.0
62,6.77,25,72,6.9,49.7
98,9.49,14,88,7.3,9.9
36,5.42,61,82,6.1,100.0
60,5.85,10,74,4.8,50.55
75,5.87,10,75,5.6,35.05
64,6.72,12,71,5.7,43.27
21,4.57,77,87,4.2,100.0
45,9.4,68,71,4.1,59.31
100,8.68,0,74,7.2,10.1
64,7.27,40,69,5.9,52.17
60,6.58,13,75,4.2,47.31
76,7.23,41,79,5.7,36.92
59,5.14,60,78,8.1,77.04
60,7.42,19,70,4.6,45.17
30,6.39,114,77,7.4,100.0
7,6.43,73,85,5.7,100.0
6,5.09,116,77,7.1,100.0
83,8.54,12,73,6.5,18.96
82,9.98,3,87,6.8,8.12
64,5.98,22,82,6.3,51.24
16,7.17,83,75,5.9,100.0
18,6.45,11,88,8.5,86.14
6,9.28,94,79,6.9,100.0
64,6.09,34,79,6.0,56.46
95,9.47,12,79,8.9,9.44
84,9.34,12,80,8.1,12.94
88,9.4,11,86,6.3,12.0
12,5.61,8,77,8.5,100.0
28,4.92,82,67,5.9,100.0
51,5.68,70,84,7.0,85.42
59,4.92,60,71,6.8,80.54
78,5.72,12,72,4.0,34.97
79,5.74,48,60,6.0,46.93
56,6.37,112,84,8.3,81.89
5,8.51,44,72,4.2,100.0
100,9.98,4,73,7.7,6.42
97,7.92,0,83,6.9,12.49
82,9.75,8,80,6.8,11.47
87,8.49,7,77,6.5,15.87
67,6.21,37,64,6.9,47.41
96,8.2,4,89,7.8,11.38
12,9.05,5,77,6.1,68.64
61,5.67,39,77,5.7,64.32
55,6.38,64,77,8.9,72.79
20,8.25,88,81,8.1,100.0
60,6.44,44,60,4.0,64.01
27,8.56,94,64,9.0,91.93
64,6.95,19,69,5.1,45.38
8,5.15,50,72,7.0,100.0
48,8.28,33,87,5.3,52.25
57,7.1,117,62,6.6,79.16
91,8.9,13,86,6.4,13.93
14,8.42,13,61,8.0,77.12
81,8.38,1,87,7.2,14.86
61,6.2,47,60,6.4,65.82
54,7.12,80,64,8.0,76.53
76,6.48,29,83,4.1,36.38
61,6.16,20,78,5.6,52.31
75,5.8,25,67,4.5,40.99
62,7.25,36,77,5.8,51.29
20,5.34,91,69,4.9,100.0
0,7.17,11,85,8.5,100.0
25,7.95,72,85,8.0,92.22
74,6.52,26,63,6.4,38.46
99,8.02,14,83,7.9,15.35
23,8.1,25,73,4.7,76.17
2,8.98,109,70,6.7,100.0
57,6.27,114,74,4.5,84.83
89,8.91,0,76,6.3,11.64
76,6.19,34,63,5.1,41.8
77,5.67,31,61,5.7,43.01
71,5.76,46,65,6.7,49.98
72,6.16,42,80,4.3,44.77
54,6.94,93,70,4.4,82.75
88,7.7,2,77,8.1,16.09
85,8.49,11,80,8.6,15.69
96,8.73,5,88,8.5,9.28
90,8.93,2,82,8.3,9.58
53,8.05,83,60,7.7,71.31
60,6.72,47,64,5.5,62.75
92,8.83,0,75,7.0,10.78
22,7.24,1,72,7.4,69.94
36,4.51,8,70,6.4,82.73
62,6.2,14,71,5.2,49.14
90,9.85,11,72,6.2,11.48
87,9.57,4,83,8.4,8.04
84,9.54,10,83,7.6,11.53
44,7.44,17,67,6.3,57.65
98,9.06,0,84,7.7,7.27
46,6.42,77,80,8.5,86.61
78,6.36,12,66,6.2,32.47
79,7.09,38,60,5.6,37.46
83,9.99,8,70,8.1,10.25
80,7.58,5,71,8.3,21.25
80,7.76,12,84,8.5,20.85
55,7.01,7,64,6.4,46.26
72,6.94,40,78,6.1,40.33
70,6.7,29,70,6.9,39.68
5,6.5,46,85,8.7,100.0
12,5.2,81,84,5.3,100.0
90,9.83,3,85,8.1,5.98
87,9.13,0,78,7.3,10.2
87,9.6,10,70,6.3,12.98
93,7.97,6,70,8.6,15.2
67,6.72,18,80,5.0,37.58
100,9.01,2,89,7.6,7.42
81,8.66,10,71,8.8,16.99
71,7.33,33,84,5.5,36.1
60,6.22,31,77,6.0,57.86
19,6.79,19,81,8.3,87.33
67,6.5,10,72,5.2,37.18
78,6.2,39,76,4.1,40.61
67,6.67,10,73,6.1,36.03
76,6.3,47,78,4.5,43.47
28,4.88,2,69,5.4,84.59
60,5.55,37,77,6.6,64.66
62,5.96,17,81,5.0,50.93
78,6.81,17,61,6.4,32.32
93,9.58,3,89,8.0,6.07
30,6.12,81,66,7.2,100.0
100,7.57,12,88,7.7,15.74
61,7.32,14,79,5.0,41.7
82,8.98,11,89,7.9,14.05
68,6.37,44,79,6.9,46.23
96,9.67,7,83,7.4,7.74
49,4.61,13,68,6.7,70.97
66,5.94,31,70,5.3,47.72
28,5.36,86,64,4.1,100.0
100,9.54,8,75,6.2,10.19
65,7.16,32,80,4.0,40.82
56,5.83,90,67,5.3,90.08
66,6.65,26,80,5.1,41.1
61,5.83,10,78,4.3,49.32
100,9.59,10,73,8.2,9.29
34,9.25,54,74,8.8,62.81
55,5.57,35,74,5.3,69.12
70,7.19,43,68,6.3,42.15
8,6.26,0,84,7.5,91.04
66,5.65,46,71,6.1,53.74
33,5.02,100,71,8.0,100.0
96,9.88,6,86,6.6,6.97
78,6.96,30,76,6.0,34.14
65,7.46,27,84,5.9,37.13
68,7.39,41,69,5.8,41.82
100,8.68,6,83,6.4,11.56
98,9.81,1,87,8.2,4.04
34,6.1,105,66,4.2,100.0
62,6.62,43,62,6.1,60.29
54,6.52,38,74,8.0,62.86
72,6.75,25,72,5.8,37.42
54,6.81,33,89,4.0,58.36
17,9.2,98,86,9.0,92.06
48,6.51,116,71,7.1,91.2
94,8.5,13,76,7.6,15.18
96,7.78,13,87,6.9,16.77
24,5.89,52,73,4.2,100.0
56,7.9,11,86,8.7,37.09
90,8.97,6,83,7.8,10.94
81,7.92,3,73,6.7,19.67
100,9.58,13,79,6.1,11.18
40,5.43,2,83,5.8,65.43
46,5.58,8,62,7.0,64.6
69,6.53,27,76,4.5,40.55
85,9.06,12,84,6.1,15.03
84,7.73,8,72,6.8,20.9
62,7.41,21,69,6.4,44.41
64,6.97,43,83,4.8,53.81
58,8.12,89,77,4.4,68.19
12,8.97,76,76,4.3,99.1
98,9.56,7,77,8.0,8.19
72,6.97,33,78,6.6,37.6
58,8.84,40,72,8.2,42.82
69,5.71,36,65,4.6,48.99
92,9.68,2,79,6.4,8.0
29,9.04,81,63,6.8,82.78
91,7.52,12,83,7.0,19.18
67,6.02,33,72,6.3,46.68
29,4.59,104,61,5.7,100.0
64,5.71,13,79,6.1,49.08
26,5.33,11,81,7.5,87.75
77,7.24,38,71,6.2,36.19
11,4.62,10,60,5.6,100.0
78,6.01,32,61,4.8,41.16
96,7.76,8,76,7.6,16.06
90,8.05,1,84,8.0,12.88
62,7.4,37,80,6.7,49.68
99,8.49,8,74,9.0,11.97
65,5.96,44,76,6.0,51.62
14,6.86,26,67,4.8,100.0
28,8.38,78,86,8.2,86.34
82,9.49,11,72,6.6,14.78
73,6.7,29,63,5.7,39.43
59,4.82,117,80,5.3,93.16
90,9.96,0,77,7.4,6.02
77,6.46,40,65,4.9,41.53
60,7.41,17,70,5.4,44.37
16,5.01,45,74,6.5,100.0
79,6.19,49,77,5.0,43.09
60,7.27,39,60,6.5,55.65
38,5.16,102,85,7.4,100.0
81,7.6,11,86,8.9,20.33
58,4.66,5,68,4.3,57.39
77,7.37,17,77,5.9,28.52
94,9.54,6,80,8.7,7.54
62,5.58,23,70,6.2,57.46
71,5.82,28,82,5.4,42.56
100,9.15,2,81,7.7,7.84
84,9.99,8,72,6.2,11.26
74,6.02,21,76,6.6,37.73
99,9.07,11,81,8.3,10.47
77,7.23,41,68,5.3,37.73
83,9.68,1,73,7.3,9.8
50,5.92,11,62,7.1,60.06
74,5.97,35,67,5.2,43.87
69,5.98,23,61,4.5,44.04
92,8.59,5,84,7.8,11.6
79,6.69,15,76,5.2,30.29
81,9.64,4,70,8.3,11.05
44,5.69,30,70,8.4,75.54
75,6.54,19,71,6.5,34.61
79,6.68,21,60,4.8,34.13
27,4.68,36,74,7.3,100.0
76,6.91,37,74,6.6,37.38
19,5.85,1,68,6.7,85.93
80,7.81,5,74,8.8,19.44
48,7.42,11,69,6.0,51.18
70,5.53,34,77,6.9,46.44
74,6.54,32,71,5.6,39.6
44,5.22,49,69,7.7,88.8
20,4.97,7,88,6.2,95.68
94,9.23,6,80,8.0,9.25
76,7.16,49,76,4.1,40.12
93,9.8,0,88,8.8,3.72
95,9.13,9,71,9.0,10.75
8,8.83,88,75,7.8,100.0
30,8.19,67,61,6.0,86.78
37,6.69,97,77,8.4,99.52
44,8.59,87,89,6.7,72.84
14,7.65,70,74,7.5,100.0
24,7.48,95,76,6.2,100.0
10,7.52,109,73,7.1,100.0
62,6.58,17,75,6.5,47.21
91,7.87,4,84,7.6,14.62
75,6.6,30,82,5.3,36.81
100,9.75,8,73,8.8,7.62
20,6.9,18,61,4.8,88.92
79,6.84,38,74,5.6,36.96
69,6.72,27,61,4.8,41.35
70,5.75,19,66,5.6,42.72
96,8.92,9,73,7.3,12.54
53,7.25,119,72,7.2,79.88
100,9.71,8,78,7.9,7.82
56,8.7,71,83,5.8,57.35
36,6.01,23,78,8.3,77.2
77,7.03,19,60,5.3,32.82
48,8.18,97,60,5.1,78.42
47,6.06,34,87,5.0,71.31
68,6.28,34,61,4.8,46.5
77,6.31,48,68,6.1,44.33
93,7.76,9,75,7.7,17.06
45,5.82,100,60,7.0,100.0
60,5.95,48,63,5.3,68.76
84,7.67,4,77,8.6,17.84
71,6.15,12,81,6.0,36.0
81,8.41,2,71,7.3,16.82
21,7.31,35,64,4.9,91.77
75,6.32,39,84,6.5,40.38
15,7.82,83,62,8.6,100.0
27,9.37,117,64,7.7,82.95
80,9.61,4,89,7.9,9.65
38,8.82,116,75,6.5,78.74
13,5.09,22,77,5.7,100.0
1,9.18,72,60,5.5,100.0
22,9.21,81,82,4.8,86.11
94,9.98,4,89,6.6,5.75
89,8.85,12,72,8.0,14.71
73,7.11,25,66,4.9,35.73
20,4.61,90,61,5.1,100.0
97,9.1,8,71,6.4,12.34
83,9.02,0,83,8.7,10.17
99,8.76,8,75,6.4,12.9
7,6.89,67,84,5.2,100.0
11,9.33,95,87,5.6,99.09
77,6.06,15,70,5.9,35.11
78,6.27,14,78,4.6,32.23
10,8.27,30,83,5.5,90.34
68,5.78,18,73,4.3,42.73
60,6.52,48,67,6.4,63.9
79,5.85,45,65,5.3,44.91
51,6.52,98,66,6.6,89.07
66,6.97,31,64,4.0,42.83
65,6.02,19,82,4.4,42.8
60,6.15,35,77,5.9,60.16
36,9.3,35,76,4.5,55.34
79,6.03,35,63,6.6,40.69
17,6.88,104,88,6.0,100.0
69,7.28,26,83,4.9,35.43
75,6.01,19,77,4.1,36.9
100,9.56,6,71,7.2,9.19
76,6.73,32,83,6.6,35.6
43,7.06,100,67,4.2,92.79
42,7.8,50,83,4.5,69.24
19,8.19,57,73,9.0,91.03
98,9.15,11,88,6.5,10.84
29,8.65,7,69,4.1,56.77
27,8.99,7,67,7.1,55.06
49,4.55,35,89,5.3,80.9
24,7.15,61,77,5.6,99.72
26,9.4,117,72,6.9,83.2
81,7.82,14,86,8.8,20.31
24,6.38,77,87,5.9,100.0
51,5.7,84,71,5.0,93.33
100,8.21,13,76,8.5,14.52
97,9.09,13,77,8.2,11.75
71,5.61,31,81,7.0,43.95
92,7.91,12,84,6.3,17.73
94,8.76,7,81,8.2,11.15
60,6.52,28,82,6.1,53.88
94,9.69,4,84,6.5,7.59
67,5.99,14,62,7.0,41.6
31,8.9,97,70,5.6,85.61
93,9.04,10,71,7.1,13.29
99,8.81,9,81,8.2,10.85
33,8.29,19,70,7.8,60.32
85,9.69,4,73,7.2,10.22
69,7.27,44,64,6.0,43.37
38,4.52,37,73,5.8,96.58
99,8.51,6,73,7.5,12.56
84,8.95,6,89,7.7,12.09
61,6.7,28,78,5.5,52.34
21,7.98,75,89,8.9,96.45
35,7.09,47,72,4.7,82.69
54,5.68,62,79,4.3,80.43
94,10.0,11,82,6.5,8.79
79,7.07,36,74,5.2,35.24
90,9.35,9,85,6.6,11.02
69,6.17,22,70,4.1,41.62
92,9.24,10,82,8.3,10.32
34,6.65,114,64,8.2,100.0
48,6.68,63,64,7.5,79.44
66,7.31,44,60,6.3,45.23
40,5.29,59,71,4.7,98.23
83,7.53,7,81,6.1,21.33
6,5.73,91,73,5.2,100.0
53,6.64,88,72,5.3,85.11
35,4.67,83,77,8.5,100.0
3,6.08,90,66,4.4,100.0
31,7.82,19,83,6.8,65.72
89,9.57,7,83,8.2,8.67
97,7.86,6,74,7.7,14.99
71,6.2,42,77,6.2,45.43
66,6.87,42,76,6.9,44.6
27,8.11,40,66,7.5,77.94
65,5.95,43,60,5.3,53.27
21,8.75,65,69,6.3,88.21
66,6.59,33,74,5.5,44.3
89,9.95,2,86,6.6,6.45
19,7.22,67,73,7.8,100.0
39,8.89,85,79,8.4,73.34
40,7.3,27,85,6.8,64.68
62,7.32,42,69,5.5,54.21
51,6.76,49,70,7.9,69.1
91,8.81,7,78,7.7,12.34
68,6.29,49,77,4.5,49.19
71,5.83,25,62,5.1,43.96
90,9.96,0,70,6.1,7.9
31,7.77,106,64,6.2,98.62
78,7.26,21,70,5.5,30.62
92,9.96,4,82,7.0,6.67
84,8.9,0,73,8.2,11.99
84,9.93,11,78,8.5,9.96
78,7.02,20,61,6.5,32.2
61,7.14,21,75,6.1,46.51
80,8.1,3,71,7.0,19.2
70,6.8,31,76,6.5,39.33
74,6.01,42,79,6.2,44.25
34,7.93,27,74,4.9,67.12
80,9.59,6,72,8.1,12.2
65,6.22,30,62,6.3,47.28
79,7.38,21,76,6.3,28.65
92,9.75,2,70,8.6,7.02
58,5.05,119,73,6.3,93.05
87,7.82,2,83,7.4,15.71
39,8.2,25,65,5.4,60.17
98,9.93,2,79,8.1,4.97
92,9.91,14,78,6.9,10.52
98,9.68,13,75,6.4,11.19
16,5.71,63,60,6.3,100.0
10,4.87,104,86,7.7,100.0
63,7.25,11,68,5.0,40.53
55,5.43,54,75,5.2,78.43
91,8.96,13,87,7.7,12.53
75,7.16,12,71,4.3,29.74
8,7.85,80,61,8.4,100.0
72,6.89,49,71,6.7,43.72
74,6.7,35,79,5.3,38.77
78,6.39,38,78,4.7,39.14
63,6.27,12,81,4.8,45.67
26,8.22,0,67,7.2,56.98
24,4.51,60,71,7.0,100.0
98,8.19,0,82,7.4,10.96
34,6.74,83,83,7.0,100.0
76,5.52,17,70,6.5,38.52
38,8.51,48,89,6.0,64.84
40,6.49,36,76,7.1,76.43
50,8.9,54,68,4.1,55.7
73,7.49,22,73,4.5,32.06
18,6.56,71,88,7.6,100.0
75,6.09,35,66,6.9,42.09
93,7.63,12,84,6.2,18.68
77,6.01,13,60,5.4,35.89
18,7.48,39,79,8.5,91.61
78,6.21,48,61,6.0,45.15
61,7.28,22,69,5.5,46.86
8,7.56,27,62,7.6,100.0
1,7.15,2,75,9.0,95.66
88,8.56,2,80,7.5,12.6
64,5.75,40,84,6.2,60.57
70,6.36,44,72,4.8,46.58
57,7.45,107,61,5.9,76.9
71,7.33,32,67,6.7,37.25
58,7.51,99,87,7.4,71.33
55,5.33,6,63,4.2,57.14
94,7.89,12,79,7.9,16.6
70,6.27,36,70,4.9,44.79
64,6.56,21,65,5.4,49.29
72,7.44,39,83,6.9,36.17
72,6.27,36,73,4.1,43.19
41,6.48,5,86,4.7,58.97
69,7.3,46,69,5.1,43.24
65,6.71,18,76,4.3,39.44
79,5.56,41,75,6.3,43.57
88,8.88,1,82,8.3,9.99
98,8.39,1,82,6.6,11.23
45,7.89,20,71,8.2,52.67
60,6.66,33,62,4.5,57.53
83,8.5,0,72,8.6,13.84
78,5.9,30,67,4.1,40.3
63,7.31,36,80,5.8,49.7
46,8.85,20,81,8.0,42.97
16,7.9,40,73,4.2,92.77
98,8.66,11,81,8.3,12.13
63,6.07,42,83,5.3,60.36
78,6.65,23,77,5.3,33.33
74,6.65,44,75,7.0,41.54
44,6.7,112,60,8.5,93.94
37,5.78,68,72,8.9,98.97
54,4.6,95,81,7.4,98.98
89,7.84,13,85,8.5,17.36
34,5.55,56,89,4.0,99.47
87,9.99,7,76,6.0,9.94
35,8.67,0,74,4.7,45.24
84,9.55,8,70,8.5,11.61
67,6.3,43,73,4.8,48.44
65,6.11,17,62,5.9,44.06
61,5.51,28,65,4.9,61.87
54,8.71,15,65,4.3,39.31
12,7.83,30,87,8.3,90.25
73,5.8,36,81,5.0,43.96
60,6.6,39,80,4.1,58.37
18,7.74,85,76,7.6,100.0
89,8.96,7,89,7.9,10.72
77,6.93,33,74,5.7,36.0
72,7.33,17,77,5.2,31.35
33,5.17,97,70,5.4,100.0
76,6.52,35,77,4.8,38.78
97,8.67,5,74,8.8,10.75
27,5.01,64,70,5.4,100.0
91,8.93,1,84,8.8,8.38
65,6.25,21,78,4.3,42.61
60,7.36,34,83,6.0,50.49
20,8.07,12,64,8.8,72.31
96,9.19,8,78,6.3,11.36
91,10.0,0,74,7.5,5.97
40,6.88,111,77,7.2,95.46
88,7.63,8,82,7.2,18.32
81,8.03,8,75,7.4,19.89
80,9.49,6,82,6.1,13.06
7,7.76,17,62,5.6,95.68
67,6.44,10,63,4.3,38.63
12,4.79,117,81,6.6,100.0
52,7.94,12,64,8.6,43.17
96,7.81,9,72,7.5,16.73
76,7.31,33,70,6.6,34.62
25,7.89,83,82,7.9,97.74
87,7.83,11,79,8.3,18.26
81,7.95,6,70,8.2,19.58
56,6.36,15,75,5.5,53.11
66,7.26,18,70,6.5,36.09
67,5.91,13,67,4.2,41.89
33,7.52,76,74,4.3,92.51
63,7.42,18,82,6.4,40.81
97,9.11,11,78,6.6,12.23
86,7.85,9,79,6.9,18.98
12,8.56,103,63,5.9,100.0
70,7.12,47,83,6.2,42.09
68,6.88,35,76,6.8,41.19
68,6.4,42,77,4.9,46.46
100,9.91,5,75,8.8,5.87
93,8.87,12,72,6.5,14.94
71,7.3,42,76,6.9,39.26
90,8.48,11,75,6.3,16.67
75,6.31,35,84,4.7,39.54
77,6.69,47,81,4.0,40.69
43,8.46,58,88,8.7,62.6
100,9.88,1,77,6.5,6.31
63,5.99,10,70,6.0,47.64
23,8.32,92,81,7.0,98.66
83,8.39,11,79,8.4,17.11
41,6.11,65,82,7.6,90.09
36,5.73,92,62,8.5,100.0
35,5.94,119,82,8.6,100.0
86,8.43,3,89,8.3,12.34
96,8.61,9,83,7.9,12.04
99,8.93,1,73,8.5,8.63
92,9.94,6,79,8.5,6.51
84,7.59,0,71,8.0,18.17
3,7.41,10,83,6.9,97.14
78,6.06,16,74,6.7,33.76
84,8.55,3,79,8.7,13.36
72,6.68,28,75,6.6,37.89
56,6.32,14,62,6.5,53.98
67,5.6,45,61,6.3,54.03
3,5.26,56,76,6.7,100.0
22,9.16,94,89,6.7,88.7
65,5.61,19,67,4.7,46.85
19,5.65,50,81,7.6,100.0
85,9.33,3,84,7.2,10.12
97,9.74,4,85,8.5,5.38
47,9.01,117,63,8.9,68.36
100,8.86,7,86,7.1,10.26
69,6.92,43,68,4.8,44.44
76,6.7,34,80,5.7,37.22
98,8.42,8,71,8.1,13.4
85,9.8,6,76,8.6,8.88
33,8.54,92,68,5.7,88.01
51,5.29,80,76,7.6,93.13
60,6.12,35,74,5.5,60.67
3,6.42,82,70,8.2,100.0
57,7.58,33,88,4.5,50.28
78,6.91,42,76,5.6,38.12
64,6.94,15,67,4.5,43.86
82,9.88,10,80,8.6,10.1
3,7.63,1,83,8.1,87.28
67,6.0,12,77,6.5,39.52
97,8.12,7,70,7.6,14.85
10,5.46,11,76,8.7,100.0
73,6.71,42,77,5.3,41.72
64,5.64,39,74,5.1,62.16
99,9.18,14,83,8.3,10.74
99,8.19,1,79,8.7,10.45
28,9.39,65,65,6.7,73.5
88,9.34,9,89,7.3,10.5
11,4.87,2,69,6.6,100.0
81,8.22,9,75,8.9,18.14
66,5.84,47,79,4.9,52.11
43,6.79,98,74,6.8,93.81
62,6.25,36,69,5.4,59.15
65,6.13,45,61,6.6,52.34
89,9.03,10,88,8.6,10.9
21,7.63,29,84,4.3,83.54
72,6.67,18,63,6.8,36.1
8,8.7,105,65,8.9,100.0
49,8.21,49,62,8.5,59.45
24,6.67,14,63,6.2,83.71
98,8.97,0,80,7.9,7.93
19,5.52,38,76,8.1,100.0
51,4.57,62,60,5.1,94.35
47,9.06,74,88,6.1,61.38
32,7.86,81,89,8.8,88.03
85,8.46,3,82,8.4,13.31
37,8.21,119,86,6.6,84.83
41,6.64,5,70,6.7,59.16
27,9.08,36,68,4.2,67.44
81,9.08,10,75,7.3,15.78
70,7.37,37,77,6.5,38.14
10,7.49,76,63,7.0,100.0
70,6.48,13,74,4.8,36.06
85,9.14,0,75,6.5,11.72
4,8.43,91,80,7.7,100.0
94,9.21,2,73,6.9,9.86
59,6.72,105,82,5.3,78.52
99,9.68,12,83,8.7,7.96
83,9.08,0,79,6.8,11.86
48,5.01,8,65,6.8,66.42
68,7.22,32,76,5.0,39.09
68,5.82,46,82,4.5,50.17
74,6.48,26,82,4.0,36.73
85,9.47,13,70,7.0,14.44
69,7.26,19,74,4.3,34.44
8,5.56,10,73,4.8,100.0
18,6.18,27,83,7.1,99.27
74,7.01,42,78,6.0,39.51
69,5.84,43,78,5.6,48.91
75,7.39,38,66,4.4,37.3
66,5.73,35,76,6.0,49.34
86,8.55,0,86,8.6,11.01
62,6.62,41,75,4.0,57.97
80,8.66,5,85,6.6,15.86
53,8.46,77,88,4.9,63.47
92,8.71,10,83,7.2,13.3
98,8.2,1,77,8.6,10.89
56,8.22,78,87,6.7,63.1
97,8.44,12,84,6.7,14.29
89,8.3,2,72,7.1,14.66
58,8.03,3,86,5.8,32.67
30,8.04,90,89,5.1,93.96
76,6.25,40,61,6.3,43.35
63,7.03,46,75,6.3,56.13
99,7.85,4,88,7.9,12.26
86,9.16,14,75,8.2,14.29
82,8.58,9,73,8.6,16.59
69,6.11,22,70,4.8,41.91
58,5.43,108,86,8.3,87.08
89,8.77,14,85,6.2,15.54
71,6.39,32,77,6.9,40.77
65,6.57,12,65,6.2,39.46
29,5.85,27,80,7.5,88.95
35,8.62,73,66,7.9,77.49
85,9.47,9,74,8.2,11.78
7,4.66,62,81,4.2,100.0
82,9.56,11,83,8.0,11.99
55,5.51,119,67,7.7,92.31
72,7.15,11,67,4.7,31.62
65,5.69,29,71,5.0,49.04
89,7.51,10,72,7.7,19.93
12,5.15,115,70,5.8,100.0
90,7.53,11,85,6.9,18.9
30,8.32,113,76,7.8,91.03
14,7.06,57,62,8.7,100.0
69,6.28,13,78,5.3,37.27
90,8.95,2,80,8.8,9.37
4,7.67,4,78,6.2,90.48
76,6.42,47,84,5.5,42.16
97,8.41,5,87,6.3,12.16
91,8.75,8,78,6.2,14.1
60,6.77,13,60,4.5,47.85
97,9.17,12,83,6.5,11.81
47,4.62,58,70,6.3,95.2
79,7.42,12,83,6.9,24.35
81,8.93,5,71,8.8,14.19
67,5.69,31,79,4.1,47.26
76,6.71,25,73,6.0,35.21
44,9.38,55,75,5.9,55.19
88,9.99,3,74,8.7,6.54
67,7.38,39,73,5.0,41.37
54,6.48,16,69,8.7,53.09
10,8.45,70,71,4.8,100.0
77,6.04,19,79,5.3,35.36
64,7.02,49,67,5.3,57.81
39,5.54,63,67,5.1,99.54
9,5.78,48,63,7.4,100.0
36,5.35,3,77,5.7,71.95
81,9.57,10,83,8.4,11.62
37,8.4,109,83,7.1,82.81
22,4.91,118,69,8.1,100.0
55,6.32,21,72,5.7,57.57
71,7.05,24,69,4.9,36.5
66,6.63,41,68,6.8,46.66
20,6.95,79,68,6.5,100.0
78,6.82,44,75,5.2,39.33
3,6.58,95,89,8.5,100.0
96,7.94,2,82,7.7,12.65
63,7.44,17,84,6.2,40.06
37,8.77,52,89,8.3,62.94
61,7.31,41,65,6.9,54.42
65,6.25,44,69,5.1,50.87
48,8.15,92,64,4.9,78.29
68,6.01,30,79,4.7,44.57
12,7.62,41,77,4.3,100.0
16,5.26,96,60,5.8,100.0
57,5.69,90,72,8.7,87.45
74,7.32,48,64,5.4,41.54
95,9.04,5,87,7.5,9.1
92,9.42,12,83,8.5,9.99
20,8.31,111,82,7.2,100.0
14,9.05,73,71,6.5,94.83
51,5.89,56,79,8.6,77.15
91,7.56,1,85,6.7,15.54
32,8.37,56,67,5.4,77.89
0,7.55,41,89,4.3,100.0
76,5.92,38,80,5.7,42.29
85,8.41,5,74,8.2,15.17
67,7.05,44,78,5.0,44.1
50,5.97,103,78,7.2,92.83
65,6.86,47,61,5.9,49.43
79,6.98,35,76,4.8,35.13
99,9.2,0,78,7.0,7.96
78,6.12,44,73,4.2,42.88
60,5.68,49,60,6.8,70.84
15,6.76,37,71,4.8,100.0
55,7.48,87,82,8.8,72.51
61,5.88,33,81,6.0,59.75
87,8.94,2,74,6.3,12.83
96,7.52,11,78,8.0,17.34
61,7.21,29,71,6.7,49.52
54,5.04,117,84,7.6,95.03
100,8.57,0,89,6.4,9.36
80,7.79,12,84,8.8,20.44
14,6.67,20,83,4.6,96.79
76,5.59,32,63,5.7,44.09
34,7.33,22,62,6.1,71.43
79,5.52,20,64,4.3,38.8
36,5.09,108,65,5.1,100.0
47,8.42,103,87,7.1,72.96
91,7.76,9,82,7.7,16.8
53,6.62,93,68,4.2,86.6
94,7.86,14,89,6.1,17.61
67,7.48,10,60,4.4,33.38
69,7.15,26,81,5.4,36.39
7,5.29,16,76,6.8,100.0
37,6.83,77,72,8.2,93.66
46,5.2,14,81,7.8,68.02
100,8.01,11,75,8.0,15.15
22,7.16,25,74,6.4,85.85
65,6.81,27,63,5.7,43.23
92,8.06,11,84,7.8,15.57
91,9.23,2,88,6.7,8.68
75,5.59,33,76,6.7,42.88
82,8.39,12,75,8.0,18.61
75,5.93,13,67,4.5,36.61
83,8.55,11,82,8.1,16.27
7,7.01,42,68,5.6,100.0
86,9.84,2,76,7.9,7.75
62,5.68,47,77,4.1,66.74
86,9.33,10,82,8.0,11.67
55,8.72,109,71,5.9,66.21
89,9.61,7,78,6.9,10.12
75,7.27,12,69,4.0,29.45
83,8.31,0,78,6.6,15.6
85,8.6,0,89,7.1,11.87
72,7.48,12,68,5.8,30.12
60,6.36,18,82,4.2,50.36
84,8.27,6,71,6.5,18.23
69,7.3,39,82,6.4,39.2
34,7.51,97,69,5.2,97.62
20,9.24,6,82,5.3,58.36
1,9.13,41,77,4.3,96.45
48,4.55,98,80,7.7,100.0
91,8.28,14,85,8.1,15.53
3,9.37,1,85,5.4,72.41
87,9.76,14,83,6.6,11.79
12,8.66,16,88,5.6,76.85
7,9.15,79,63,6.3,100.0
11,5.94,22,75,5.7,100.0
79,6.49,46,62,5.5,42.57
79,5.82,30,64,6.3,40.26
19,8.17,62,63,6.0,96.8
17,4.78,99,89,6.0,100.0
72,5.99,38,63,6.7,45.89
83,7.81,2,88,7.9,16.26
94,9.57,8,73,6.3,10.79
22,8.19,36,81,7.4,79.21
33,4.65,8,69,6.5,85.16
41,8.47,34,84,6.5,57.07
61,6.37,19,61,5.9,52.49
75,6.79,48,80,5.3,41.7
10,7.28,3,66,4.1,87.41
96,9.72,11,70,8.0,9.9
86,8.13,7,73,6.3,18.36
39,4.97,74,72,4.7,100.0
26,7.47,65,76,7.4,94.84
79,6.05,34,69,6.1,39.98
12,7.81,117,69,5.3,100.0
72,6.71,29,77,4.1,38.26
81,7.96,8,71,7.2,20.85
25,4.57,95,84,5.3,100.0
59,8.39,50,87,7.6,48.15
61,6.83,23,61,4.2,51.29
99,8.91,7,79,7.6,10.59
93,9.5,9,81,6.5,10.44
92,8.23,13,85,9.0,14.46
60,7.18,29,77,5.7,50.42
44,5.86,58,64,7.3,88.4
73,6.38,23,65,6.1,38.86
93,7.82,13,84,6.3,18.15
94,8.75,4,82,8.7,9.78
73,5.74,42,80,6.1,46.18
18,5.24,61,82,8.1,100.0
99,8.91,8,75,8.4,10.72
1,7.54,90,84,5.9,100.0
71,5.69,20,66,7.0,41.88
75,7.49,12,60,5.0,29.43
60,6.31,38,79,6.0,60.08
50,6.32,59,62,7.3,79.09
19,8.0,72,66,8.4,100.0
65,5.69,22,72,4.1,46.77
51,6.96,108,81,5.2,84.08
7,9.32,111,78,6.4,100.0
68,5.67,28,75,4.3,46.2
73,5.6,36,70,4.1,46.34
65,6.0,47,76,5.8,52.31
87,8.86,3,84,7.1,11.7
63,5.88,35,65,5.7,60.81
52,7.15,52,83,8.6,64.18
99,9.19,10,86,8.0,9.35
27,9.17,86,72,4.6,84.51
74,6.19,34,81,5.4,40.78
13,5.31,29,87,9.0,100.0
79,6.3,24,73,6.6,34.75
69,6.73,47,82,5.2,45.01
96,9.89,8,79,7.4,7.69
77,6.3,42,60,4.5,43.51
63,6.97,35,63,5.7,53.71
68,5.7,17,83,6.4,41.36
70,6.63,23,84,5.2,37.19
15,7.29,58,63,7.1,100.0
73,7.01,48,68,6.5,42.77
10,8.46,11,89,5.8,78.63
6,7.89,57,85,8.9,100.0
5,7.52,23,81,6.3,100.0
64,5.52,42,69,6.4,64.53
86,9.96,4,81,8.4,6.82
52,6.7,51,66,5.9,71.45
2,5.45,81,71,7.8,100.0
91,7.62,9,80,8.5,16.98
76,6.51,33,81,4.7,37.75
89,9.46,8,85,8.6,8.87
31,5.6,118,76,6.9,100.0
31,8.62,68,69,5.4,80.61
86,8.43,6,84,6.4,15.32
94,9.0,11,84,8.6,10.84
82,8.46,6,89,7.4,15.22
2,4.86,86,75,6.8,100.0
93,9.9,8,76,6.3,9.27
40,9.01,112,64,6.3,76.34
15,8.71,55,76,4.4,90.83
16,8.48,109,75,7.4,100.0
22,9.45,110,64,8.7,86.03
12,4.96,27,77,7.4,100.0
27,7.71,26,74,6.1,75.87
60,5.54,43,75,6.9,67.35
75,7.43,48,72,4.7,39.51
53,7.59,81,61,6.9,75.08
46,9.11,110,72,5.4,69.34
10,8.72,102,80,7.4,100.0
92,8.06,8,70,7.2,16.8
98,8.34,6,70,8.5,12.9
96,9.89,2,71,8.0,6.34
65,6.31,32,81,4.2,45.39
62,6.29,17,71,6.2,49.86
67,5.76,10,65,5.1,42.06
70,6.9,41,72,5.8,42.82
60,6.81,48,82,4.9,60.35
23,8.21,39,78,5.8,80.63
99,9.25,10,78,8.2,9.93
67,6.72,22,76,4.4,39.28
52,4.8,27,68,4.9,74.53
40,6.98,37,65,4.1,74.9
67,5.76,44,60,4.3,53.22
76,6.22,33,72,4.8,40.22
72,6.49,43,84,4.9,42.92
78,6.72,18,60,5.0,33.48
15,5.49,54,77,5.5,100.0
65,6.68,15,68,4.2,39.61
41,8.36,115,77,5.4,81.01
68,6.71,13,67,6.0,36.96
83,8.16,14,72,7.7,20.5
84,8.91,1,84,8.0,11.02
89,9.34,12,78,8.6,11.43
45,4.79,93,80,4.0,100.0
89,9.65,7,82,8.0,8.6
55,4.7,70,61,7.4,91.19
86,9.94,6,83,7.1,8.32
97,8.32,6,86,6.5,12.74
86,9.08,6,75,7.1,13.05
10,7.73,63,64,5.2,100.0
78,6.55,25,83,6.5,33.36
91,9.74,6,83,6.5,8.56
86,7.56,0,85,7.5,16.3
7,4.91,79,79,6.4,100.0
72,7.22,36,69,6.3,38.58
23,4.99,5,88,5.6,90.34
45,7.73,25,78,5.5,57.07
10,8.81,77,78,8.8,100.0
55,5.68,58,67,8.4,77.33
21,8.79,8,72,7.5,62.51
83,9.06,2,82,6.2,12.73
95,9.62,11,78,8.5,9.04
60,5.88,45,64,5.5,67.9
62,7.09,41,62,6.1,56.18
51,6.84,111,88,8.6,82.14
59,8.13,22,77,6.0,41.45
94,7.68,10,84,8.6,15.68
14,5.74,46,72,5.5,100.0
99,8.86,0,71,7.1,9.97
56,5.36,81,81,6.3,88.21
24,5.19,7,86,5.2,89.22
13,8.85,93,88,6.3,100.0
62,7.29,26,75,4.8,47.03
100,9.15,13,75,6.9,12.55
84,9.8,2,78,7.7,8.34
69,5.94,18,70,6.7,40.99
81,7.92,5,83,8.6,17.54
80,9.26,3,73,6.7,13.77
58,7.61,27,69,4.6,49.04
5,5.04,33,82,7.8,100.0
48,6.46,17,81,5.7,59.9
66,7.13,26,74,6.3,38.93
61,6.42,12,66,5.4,48.09
87,8.2,9,70,8.7,16.85
49,4.99,20,85,5.7,70.7
11,9.27,55,78,4.1,88.15
85,9.98,5,86,6.4,8.3
66,5.87,44,81,6.9,50.03
98,8.33,1,70,8.9,11.09
54,9.47,37,73,7.4,39.51
82,9.09,2,81,6.1,13.15
80,9.55,12,75,6.2,15.37
100,9.65,11,77,6.6,10.14
35,9.17,42,76,8.1,58.51
91,9.01,11,84,8.6,11.3
93,8.86,6,88,8.1,9.89
16,7.02,69,81,7.7,100.0
74,6.59,15,78,5.1,33.21
72,7.41,36,60,4.1,38.91
26,9.24,60,61,7.8,75.07
22,7.6,79,73,6.4,100.0
82,7.98,1,70,8.8,17.02
82,9.56,14,87,8.8,11.81
93,9.18,5,76,7.9,9.95
83,8.88,11,86,7.3,14.98
94,8.25,11,85,8.1,14.02
26,8.06,63,73,6.4,89.09
63,6.53,22,74,4.6,49.63
60,7.21,34,64,5.1,53.88
40,4.9,39,73,5.5,92.06
36,8.74,95,84,5.2,80.84
83,9.82,4,87,8.9,7.16
10,5.7,17,82,5.4,100.0
16,5.48,111,79,8.6,100.0
8,8.95,28,63,8.8,84.45
94,9.7,8,82,6.8,8.8
64,7.25,35,79,5.5,49.13
73,7.42,27,80,4.6,33.1
98,8.92,0,81,8.4,7.58
42,8.48,25,62,8.9,53.06
86,8.35,3,85,6.1,14.89
80,7.63,9,85,7.2,21.5
66,6.21,25,79,4.6,43.26
90,7.78,13,76,7.5,19.16
19,5.58,51,63,7.6,100.0
93,9.51,0,81,8.9,5.64
73,6.0,43,71,4.4,46.33
35,4.77,105,68,5.8,100.0
16,8.7,1,79,8.3,62.83
91,9.25,3,83,7.7,8.69
45,4.84,63,63,4.6,98.99
58,7.57,116,78,5.0,73.02
78,6.18,36,80,4.3,39.28
84,7.95,2,74,8.1,16.74
74,5.78,15,76,5.6,37.52
90,9.26,9,72,6.9,12.7
9,9.15,107,82,5.3,100.0
57,5.01,66,89,8.1,81.27
66,6.7,22,61,5.1,41.84
63,6.67,28,61,4.4,53.0
85,7.98,2,80,7.9,15.74
68,6.32,20,80,6.2,39.54
95,7.96,12,79,7.3,16.58
77,6.05,30,71,5.0,39.66
86,8.22,9,75,8.5,16.61
91,9.63,13,75,7.7,11.27
98,7.71,7,75,7.8,15.44
23,6.88,17,83,7.8,81.01
71,5.98,36,69,5.5,45.78
89,8.94,10,71,7.2,14.47
66,6.38,30,61,4.8,46.09
61,6.73,27,73,5.1,52.27
71,5.96,32,79,7.0,42.64
83,8.79,12,77,7.6,16.55
97,8.64,2,85,7.0,10.09
100,7.78,1,85,7.8,11.83
72,6.13,12,67,5.7,37.12
71,7.31,37,77,5.1,38.25
61,5.52,16,83,5.0,53.87
59,8.51,14,64,6.7,36.36
51,7.62,52,73,5.5,64.57
6,8.3,31,62,5.5,97.83
20,6.36,3,70,7.5,81.71
100,8.67,12,86,9.0,11.03
22,9.26,93,88,8.9,85.64
100,8.29,11,81,7.1,14.12
32,4.93,11,64,8.6,85.09
55,5.1,97,73,4.9,96.07
72,6.85,23,70,6.8,35.86
32,5.58,104,67,8.6,100.0
90,9.49,5,84,6.2,9.63
50,5.52,117,63,8.6,97.23
35,9.38,75,61,8.0,70.05
77,6.98,43,68,5.8,39.57
72,5.99,37,69,6.8,44.81
33,6.87,38,85,4.6,81.24
82,8.94,5,76,6.0,15.35
22,6.6,48,86,6.1,100.0
61,7.37,49,82,6.4,55.57
74,7.46,43,82,6.7,36.54
95,8.84,12,84,7.3,12.57
91,8.69,2,86,6.2,11.5
96,7.78,4,73,8.6,14.25
22,5.29,83,74,8.1,100.0
20,5.95,113,64,8.3,100.0
17,5.38,35,63,7.6,100.0
91,8.07,11,73,7.1,17.69
89,8.64,8,82,6.2,14.62
69,6.92,30,67,4.4,40.51
93,7.96,4,86,6.1,14.72
99,9.01,5,80,6.1,10.71
80,7.78,7,70,7.7,21.54
83,8.69,9,75,8.7,15.36
100,9.86,7,83,7.5,6.69
64,5.79,27,74,4.8,55.94
32,9.49,2,69,6.9,43.47
2,8.15,108,65,4.3,100.0
43,4.93,84,83,8.8,100.0
98,8.15,0,78,6.0,12.75
98,9.2,5,79,8.9,7.99
76,5.55,11,63,6.2,37.57
17,5.94,70,76,8.4,100.0
3,9.39,68,89,6.5,98.91
68,6.04,33,73,4.9,46.02
18,7.56,16,89,7.9,79.19
16,8.98,31,87,5.2,75.66
59,8.47,85,86,5.7,61.84
80,7.97,12,70,6.7,23.01
31,7.74,85,77,8.2,93.8
27,8.82,38,76,6.8,69.34
81,8.43,1,75,6.8,16.36
68,5.99,44,77,4.7,49.26
3,8.69,63,84,8.4,100.0
13,7.94,22,75,7.7,86.15
3,8.61,88,60,7.7,100.0
41,6.1,49,69,5.5,86.1
97,9.45,14,81,9.0,9.67
40,8.08,118,66,7.4,85.04
37,9.43,50,89,6.0,56.98
65,7.19,41,62,6.8,44.98
78,5.65,21,75,4.7,37.78
1,5.13,102,83,5.2,100.0
4,8.11,8,86,6.5,87.55
37,9.38,58,62,8.0,62.09
39,8.08,34,83,6.5,62.47
83,9.37,12,75,8.1,13.78
34,7.68,1,84,7.9,52.33
27,7.97,89,81,5.5,98.62
82,9.54,11,74,8.1,13.1
88,7.76,12,81,7.6,18.86
67,6.36,44,62,4.8,49.73
66,5.85,19,69,6.1,44.46
70,6.4,11,65,4.5,36.95
61,6.02,34,71,4.4,60.46
90,7.91,6,83,8.3,14.92
99,7.78,11,86,8.5,14.41
79,6.03,14,66,6.5,33.9
36,6.68,94,69,5.3,100.0
71,7.09,42,75,4.3,41.19
27,7.12,12,68,5.3,74.83
100,7.82,3,82,6.1,14.01
41,9.0,58,65,5.9,64.04
100,9.59,9,85,6.3,9.02
98,8.59,13,72,8.4,13.99
70,5.55,20,60,6.5,44.38
93,7.55,3,80,8.0,15.16
82,8.85,11,76,8.3,15.85
99,7.6,2,71,8.5,14.11
89,7.64,1,71,7.4,16.98
89,8.19,3,86,7.0,13.81
82,8.69,13,82,8.1,16.62
25,6.08,14,86,4.5,85.07
2,8.85,94,72,6.2,100.0
61,6.84,47,65,6.5,60.51
87,8.62,6,75,6.3,15.41
100,9.4,3,77,8.5,7.03
75,6.67,39,69,5.7,40.84
19,5.45,36,81,8.7,100.0
28,4.59,27,75,6.9,100.0
80,8.85,8,82,6.1,16.68
90,9.6,7,74,8.7,9.04
68,5.75,11,84,6.3,39.18
69,6.53,34,81,5.0,42.16
65,7.05,27,82,6.4,39.26
79,7.2,29,60,4.1,34.13
79,7.41,12,73,6.3,26.04
43,4.74,76,60,4.1,100.0
83,9.78,10,86,6.8,11.02
94,9.21,10,70,8.3,11.61
42,9.14,12,69,4.0,43.39
88,8.39,6,76,6.8,15.6
86,9.7,0,74,8.8,7.23
6,5.62,19,77,7.4,100.0
12,6.01,55,62,5.5,100.0
56,7.37,79,85,6.6,70.89
50,5.15,106,72,5.0,100.0
35,4.93,51,80,4.8,100.0
17,7.19,20,63,7.4,89.44
66,5.71,35,80,5.3,49.01
78,7.16,23,76,4.5,31.0
73,6.43,42,62,4.7,44.93
50,8.49,114,68,7.9,71.27
95,8.62,12,76,6.7,14.92
4,8.31,105,69,8.7,100.0
89,9.34,0,73,6.2,10.24
56,4.52,113,73,5.7,99.48
41,4.64,92,63,7.1,100.0
43,8.99,74,73,8.9,64.98
89,7.77,12,79,8.7,17.83
57,4.54,56,65,4.4,84.96
60,7.43,46,67,5.5,56.82
84,9.94,8,79,6.5,10.43
29,5.57,28,62,5.0,95.25
8,6.21,61,62,7.1,100.0
72,7.31,44,82,4.2,39.26
53,4.78,63,71,7.9,88.11
12,8.71,57,69,7.5,94.63
90,8.4,1,74,7.5,13.06
53,7.17,12,62,6.4,49.77
100,8.36,11,86,8.7,12.07
61,6.0,43,77,4.4,63.76
45,7.72,52,86,6.2,67.36
59,7.61,97,84,8.8,68.91
39,8.82,4,70,7.8,43.06
22,9.23,95,85,6.2,88.65
77,5.51,48,68,4.4,48.23
80,8.08,6,76,7.8,19.04
4,6.7,116,64,6.9,100.0
74,7.23,42,70,5.3,39.37
77,5.61,35,75,6.1,42.8
75,6.47,47,61,6.8,44.64
85,7.5,1,78,7.5,18.09
54,5.59,57,65,8.2,78.97
66,7.37,23,81,6.7,35.56
67,5.7,22,80,5.3,44.3
88,7.91,1,82,8.8,13.71
82,8.79,14,79,9.0,16.15
75,6.76,28,62,5.3,37.78
11,7.74,10,84,7.6,83.23
97,7.75,8,71,6.1,17.69
62,6.57,20,82,6.4,48.01
95,8.2,11,79,8.8,14.17
48,9.33,63,78,5.7,55.1
37,8.79,103,85,8.9,76.94
75,5.59,12,81,4.9,36.32
22,5.17,64,80,8.2,100.0
54,8.36,99,87,8.5,66.46
87,8.35,2,81,8.4,12.86
45,8.53,29,64,5.4,53.87
82,8.92,1,70,6.8,14.32
50,9.3,30,70,4.7,42.79
40,4.57,1,66,7.0,71.61
51,7.21,92,79,6.5,81.78
49,5.13,31,85,6.4,74.84
32,7.18,4,72,5.1,63.58
78,6.79,39,64,5.8,39.23
56,8.52,2,87,8.9,27.89
67,7.01,17,83,5.6,35.34
77,6.02,22,72,4.0,37.21
95,9.69,8,77,8.2,8.22
12,9.3,95,77,7.5,98.34
4,5.68,40,69,8.4,100.0
6,6.59,68,87,5.4,100.0
77,6.41,23,74,5.5,35.42
96,8.69,10,86,7.1,12.34
78,7.09,22,77,5.5,30.91
86,8.89,8,70,8.8,13.76
98,8.1,2,74,7.6,12.79
69,5.98,30,70,4.9,45.12
29,6.04,79,66,5.6,100.0
67,5.66,44,76,6.0,51.79
47,5.79,40,65,6.3,78.56
81,7.69,4,75,7.3,20.34
80,9.31,4,75,8.8,12.02
72,7.21,23,81,4.6,33.4
89,8.17,13,77,6.7,18.33
23,9.22,117,86,5.9,87.75
97,7.82,4,78,8.0,13.83
99,9.32,5,88,6.6,8.21
42,9.5,30,76,7.9,44.81
78,5.8,40,70,5.1,43.54
97,7.99,11,71,7.9,16.3
77,5.72,35,78,5.4,41.98
58,8.2,10,64,7.8,36.48
13,6.94,98,68,8.7,100.0
71,5.85,48,73,5.5,49.72
69,6.95,28,75,6.5,38.38
43,4.58,22,72,8.4,80.81
7,6.54,114,62,4.3,100.0
32,6.8,112,76,8.2,100.0
73,6.62,45,71,4.6,43.82
22,7.04,95,66,4.6,100.0
29,8.51,109,65,5.5,92.7
17,4.96,119,83,5.0,100.0
94,9.23,5,70,8.8,9.57
42,4.86,70,82,8.5,100.0
69,5.68,38,69,4.8,49.3
17,8.44,7,69,8.4,69.08
63,6.2,14,60,6.4,49.3
38,7.33,25,84,7.9,64.73
39,5.45,61,66,4.5,99.51
77,7.41,27,71,5.2,32.15
64,6.61,40,74,5.1,56.13
95,8.39,7,72,7.2,14.34
66,5.69,28,68,6.3,48.15
75,5.88,34,79,4.3,41.99
66,5.85,25,67,4.3,46.69
18,7.6,84,86,8.2,100.0
9,6.86,21,62,5.0,100.0
75,6.5,15,70,5.0,34.06
81,9.82,1,70,8.5,9.15
87,8.14,11,70,8.5,17.83
39,8.52,95,86,4.3,80.2
39,5.21,16,89,6.7,76.49
8,5.21,34,77,8.8,100.0
19,7.99,66,87,7.4,96.45
81,8.28,10,85,7.3,18.23
76,5.83,17,81,5.5,36.1
33,7.13,107,76,8.4,99.76
75,6.13,42,76,6.2,43.43
64,5.56,22,60,4.2,56.76
67,5.89,12,70,5.4,41.37
48,9.39,61,81,5.3,53.32
73,6.99,49,60,4.6,44.53
71,5.99,22,79,6.0,40.15
83,9.56,6,80,8.1,10.4
58,5.38,6,86,6.8,50.72
95,8.62,8,78,8.8,11.76
54,4.82,23,71,5.2,70.02
77,6.66,36,74,4.5,38.21
79,7.33,46,68,4.6,37.84
73,5.92,22,82,6.2,38.73
95,7.63,5,74,6.5,16.91
78,5.99,48,66,5.9,45.59
72,6.03,31,67,5.2,43.56
93,7.85,11,85,7.7,16.16
87,8.6,9,86,7.6,14.01
97,9.68,0,85,8.7,4.17
37,6.57,92,68,7.7,100.0
59,8.78,16,74,5.0,34.62
71,7.05,48,77,6.4,42.71
43,6.83,34,61,5.3,72.33
64,7.4,17,84,4.8,39.82
70,6.0,21,80,6.3,40.06
64,6.26,38,75,6.1,57.43
87,9.31,2,83,7.8,9.04
70,6.74,42,81,5.8,42.87
57,6.65,61,82,8.5,67.4
24,8.11,37,79,5.7,79.63
43,8.92,58,69,6.4,62.31
92,8.85,10,86,8.3,11.49
69,6.4,15,68,6.1,38.36
84,9.06,7,81,6.4,13.94
77,6.22,28,74,4.6,37.88
77,6.48,48,76,4.8,42.58
6,6.55,0,76,8.8,90.97
23,6.56,6,69,7.9,78.75
32,9.42,23,70,4.2,53.79
63,7.04,22,82,5.0,45.33
95,9.69,1,76,6.3,7.68
92,9.37,6,84,7.6,8.92
83,8.03,1,85,8.0,15.23
100,7.56,2,76,7.1,14.6
81,8.08,10,75,6.0,21.38
38,8.84,106,88,4.3,77.43
83,7.97,0,74,7.0,17.31
68,5.67,10,78,4.7,40.24
90,8.34,12,74,7.8,16.55
17,4.63,30,86,6.8,100.0
35,9.28,52,76,5.6,62.82
54,7.88,3,63,8.1,37.65
53,6.43,88,85,6.8,84.65
13,5.35,80,80,8.9,100.0
99,8.44,7,72,8.6,12.34
94,9.68,9,87,7.3,8.15
12,4.75,89,72,8.0,100.0
62,6.27,39,62,4.8,61.13
27,8.35,42,76,6.2,76.31
79,5.92,43,69,4.8,43.45
83,9.84,10,82,6.2,11.69
77,6.96,33,84,5.1,34.66
78,6.11,47,65,5.5,44.83
73,5.84,21,65,6.1,40.96
66,6.38,45,79,5.6,48.6
88,9.1,7,78,8.7,11.08
68,6.31,11,65,4.7,38.69
65,7.29,20,74,4.8,37.09
85,9.21,1,87,6.3,10.43
99,8.52,1,77,7.8,10.28
66,6.14,14,70,5.7,41.31
18,6.23,19,88,8.5,92.78
91,9.36,1,70,6.4,10.25
13,8.87,74,83,8.2,96.01
75,6.77,33,81,5.7,37.03
73,7.25,20,78,4.1,32.03
76,5.53,48,69,5.1,48.63
79,7.1,23,71,6.0,31.41
89,9.35,2,70,7.1,10.49
81,8.26,7,76,6.0,19.51
21,6.8,48,60,8.6,100.0
63,5.95,13,68,4.7,49.71
91,7.83,6,78,6.5,17.06
94,8.08,4,85,8.3,12.34
18,8.23,80,85,7.9,100.0
32,8.79,110,79,4.0,84.83
9,6.22,3,64,6.8,97.82
97,9.72,7,71,6.4,9.68
88,8.93,8,76,7.4,13.4
100,8.58,14,84,9.0,12.17
88,8.97,7,81,7.3,12.37
81,10.0,11,86,7.8,10.1
64,6.07,38,73,5.6,59.02
67,6.16,30,63,5.9,46.36
15,8.53,101,69,4.1,100.0
9,4.77,81,60,6.4,100.0
63,6.05,29,69,6.3,56.3
93,9.63,1,76,8.5,6.43
0,5.03,4,75,5.3,100.0
22,6.06,106,76,6.6,100.0
10,7.64,95,62,6.7,100.0
96,9.35,9,77,7.0,10.64
4,5.0,94,76,7.3,100.0
81,7.83,3,73,8.8,18.41
88,9.52,11,79,8.8,10.34
85,8.09,13,71,7.6,20.03
0,6.53,47,77,4.4,100.0
67,7.37,14,77,5.2,33.17
10,5.3,19,79,8.6,100.0
9,8.23,29,68,5.7,93.38
83,8.77,5,83,8.6,12.94
66,7.32,15,70,6.2,35.07
90,9.08,9,88,8.4,10.29
35,6.02,12,84,4.9,73.34
72,6.51,22,80,5.0,36.78
58,6.67,65,65,5.0,72.01
84,9.42,8,79,7.0,12.4
69,5.51,23,65,4.3,46.01
82,8.77,12,78,8.7,15.93
94,9.39,0,77,6.0,8.75
29,6.91,18,67,4.2,77.84
62,7.03,31,76,4.8,50.82
88,8.71,4,81,8.9,11.28
34,7.74,109,70,7.8,93.74
71,6.73,39,71,6.6,42.12
51,7.33,67,70,4.2,73.28
71,6.06,35,65,6.0,45.52
78,5.61,22,72,5.0,38.63
89,9.39,12,78,8.6,11.24
79,5.64,42,76,6.6,43.1
58,9.37,15,61,5.2,32.09
99,7.52,11,89,7.1,16.16
76,6.91,42,71,5.9,39.8
22,8.71,96,72,7.3,95.9
79,5.65,47,73,5.2,45.51
70,5.83,34,79,6.3,45.12
1,7.04,32,67,5.8,100.0
56,6.02,54,88,6.4,71.24
47,8.77,60,74,5.7,60.82
73,7.29,27,62,6.1,35.82
80,7.6,10,80,8.5,21.49
94,8.83,4,81,8.0,10.08
8,8.53,38,85,5.0,93.11
75,5.98,37,78,6.7,41.97
35,8.58,62,78,8.0,72.16
72,5.65,13,60,4.0,40.74
40,5.92,19,89,6.9,71.28
71,7.33,39,71,4.5,39.48
91,8.98,10,78,6.5,13.61
82,9.32,0,83,6.6,10.76
67,7.16,44,78,5.5,43.52
77,7.28,11,73,5.7,27.6
75,5.53,25,73,5.9,41.62
74,5.57,43,61,4.5,49.1
48,4.57,22,63,8.9,76.19
28,5.41,62,60,6.8,100.0
99,8.58,11,71,7.9,13.74
23,7.12,85,74,4.2,100.0
88,9.81,11,70,6.4,12.14
36,8.68,81,74,5.2,79.45
87,8.3,13,81,9.0,16.06
14,4.83,57,68,5.2,100.0
86,9.31,4,72,7.2,11.69
51,8.44,75,63,5.6,67.54
27,5.07,108,88,6.5,100.0
98,8.53,13,70,6.2,16.2
49,9.23,70,77,6.3,57.77
66,7.03,31,69,6.8,41.3
30,7.85,12,85,8.7,61.24
30,5.82,95,84,7.6,100.0
85,8.76,4,70,6.9,14.86
61,6.04,23,78,5.6,54.49
79,6.08,29,61,4.2,39.34
98,9.28,10,75,8.3,10.23
12,8.59,50,78,8.0,91.85
23,6.88,27,73,7.9,87.21
41,6.12,67,71,4.7,93.44
3,5.64,94,62,7.0,100.0
48,5.77,71,62,4.6,91.64
80,7.94,6,72,7.6,20.29
50,6.83,37,77,7.7,63.69
66,6.54,23,76,6.8,40.6
54,6.69,82,79,8.0,78.99
75,5.64,15,65,6.3,38.64
4,8.07,115,66,8.6,100.0
93,8.6,11,82,8.9,12.58
28,8.8,3,76,8.7,51.2
75,5.65,48,69,5.6,48.68
59,5.21,117,82,4.8,89.99
81,9.55,6,73,7.6,12.34
37,4.78,38,74,4.8,95.97
80,9.58,13,80,7.0,14.36
63,7.46,35,75,6.8,48.23
90,7.98,5,75,6.0,17.15
84,7.98,1,89,7.5,15.05
4,5.13,31,61,4.7,100.0
9,8.88,29,80,4.5,84.75
94,9.15,8,82,6.4,11.26
68,6.51,17,76,6.8,37.53
84,9.9,5,70,7.5,9.96
41,8.98,18,87,5.7,46.0
88,7.82,11,83,6.8,18.66
91,7.68,1,72,8.1,15.48
76,5.56,24,60,4.9,42.1
37,7.84,63,81,7.0,78.32
23,9.24,85,71,6.7,86.88
74,5.64,36,81,4.6,44.18
91,8.93,8,82,6.2,12.91
20,5.67,6,63,5.3,92.1
70,7.39,45,81,6.1,40.38
72,5.76,44,68,5.9,48.89
75,7.38,46,73,4.1,38.99
75,7.47,45,78,7.0,36.88
80,9.14,10,74,6.6,16.54
100,8.73,12,80,6.6,13.44
81,8.8,7,80,7.3,15.55
16,4.89,66,89,6.0,100.0
68,6.87,49,81,7.0,44.87
77,6.74,40,60,6.7,40.23
6,7.75,47,89,6.9,100.0
70,7.13,26,65,6.1,37.77
16,7.95,22,81,6.0,83.1
35,7.07,2,85,5.7,58.3
38,6.62,54,72,5.3,86.67
100,9.22,10,89,6.9,9.72
31,8.07,103,74,7.5,93.25
52,5.24,52,63,6.6,82.92
89,9.16,7,87,6.6,11.15
57,5.55,107,60,8.5,90.11
28,4.53,99,88,8.6,100.0
96,7.84,10,70,7.0,17.55
100,9.4,3,74,6.3,9.13
68,6.42,47,83,5.5,47.18
54,7.54,64,79,5.1,66.64
48,8.73,112,84,4.2,70.26
80,8.46,0,81,8.0,14.66
60,6.08,14,65,4.9,52.24
47,6.49,76,79,7.3,85.65
30,4.54,58,77,4.3,100.0
98,8.74,12,70,8.6,13.15
82,9.71,6,82,7.0,10.67
77,5.93,16,60,6.6,36.81
7,6.52,3,61,8.9,96.39
37,7.28,25,60,6.1,70.44
25,7.31,71,79,5.1,100.0
77,7.14,21,60,6.4,32.63
50,8.11,105,78,8.8,73.0
82,9.31,1,78,7.9,10.7
20,5.1,46,81,6.5,100.0
100,9.47,3,77,7.2,7.82
24,8.87,18,73,6.1,64.4
85,8.65,8,75,8.8,14.5
78,6.65,45,67,5.6,41.42
56,5.44,44,63,6.6,73.92
93,9.16,6,70,6.9,11.84
10,9.1,31,84,8.1,79.66
18,9.26,55,73,7.5,80.01
3,7.4,42,75,7.2,100.0
98,8.49,8,78,6.4,13.71
72,6.33,27,60,4.2,41.61
54,4.74,79,77,9.0,92.56
87,7.53,8,74,6.9,20.33
49,7.4,32,74,5.6,59.65
75,7.04,47,68,4.6,41.58
47,9.01,37,81,5.2,49.09
75,5.6,46,84,4.6,46.48
71,5.81,44,60,5.5,50.21
71,5.79,27,77,4.3,43.0
72,6.71,43,73,7.0,42.37
66,6.15,32,81,6.7,44.98
88,8.6,4,86,7.5,12.26
8,7.93,95,83,4.1,100.0
90,9.53,10,70,8.3,11.06
92,9.3,8,76,8.2,10.31
84,8.75,8,75,6.8,15.96
61,7.17,46,74,6.3,56.83
46,8.91,42,77,6.6,52.7
60,7.43,22,60,4.2,47.66
86,8.95,14,77,8.2,14.98
77,6.99,47,67,6.5,40.47
56,5.21,2,63,6.9,53.24
42,6.57,89,75,5.7,96.94
32,5.0,77,86,6.8,100.0
66,5.56,13,78,4.0,43.19
12,6.33,59,73,6.2,100.0
36,5.22,69,85,4.7,100.0
78,6.61,28,60,4.0,37.14
81,7.85,6,80,8.1,18.94
67,5.86,20,67,5.2,44.37
30,7.67,84,85,5.0,96.06
73,5.83,46,83,6.2,46.56
31,6.39,65,84,4.2,99.9
41,7.81,75,68,8.1,80.13
85,8.12,12,83,6.8,18.75
85,8.9,14,85,6.3,16.11
59,8.83,70,76,6.6,53.93
98,7.76,14,70,6.9,18.81
82,7.56,2,74,8.4,19.07
92,9.83,5,77,6.9,8.18
74,7.39,32,78,6.6,34.08
60,6.28,42,63,5.8,63.89
88,7.5,5,75,6.5,19.38
32,4.69,23,64,8.9,93.85
11,6.41,30,87,5.2,100.0
62,5.98,48,76,5.8,65.24
64,6.67,11,60,6.0,44.4
31,9.27,97,66,7.6,80.31
62,7.21,44,70,5.0,55.64
75,5.9,40,63,4.1,45.65
74,6.41,46,81,6.1,43.35
13,6.56,34,85,7.6,100.0
55,8.6,50,81,6.5,51.01
35,5.09,41,68,5.3,97.89
98,8.74,1,79,7.2,9.78
40,8.91,118,85,5.4,75.19
55,7.64,5,87,8.9,36.25
17,9.42,72,66,7.0,86.37
86,9.85,2,86,7.6,6.73
77,6.37,31,63,5.2,39.4
70,5.69,33,62,4.3,47.87
95,8.46,1,84,7.4,10.53
76,6.51,44,79,6.1,41.32
66,6.91,18,71,4.8,38.25
89,8.31,2,82,7.4,13.12
28,5.15,24,82,6.0,95.54
70,6.84,20,62,5.3,37.81
76,5.99,38,82,5.4,41.72
65,6.8,21,81,4.2,39.28
83,9.08,1,84,6.3,11.98
35,8.35,108,87,5.7,85.79
54,5.07,76,88,9.0,87.49
95,9.1,8,78,6.5,11.7
43,9.34,43,73,7.9,50.72
61,7.4,16,74,6.1,42.65
85,8.82,1,76,6.5,13.32
6,7.43,23,79,8.9,99.02
91,7.58,12,88,8.7,16.96
98,8.15,2,80,8.7,10.95
8,8.29,105,72,7.5,100.0
28,8.27,26,67,5.5,70.47
72,7.07,44,81,6.0,40.63
29,5.64,75,70,5.6,100.0
33,7.64,50,63,5.5,82.05
97,9.22,12,86,8.8,9.46
79,7.01,11,83,6.0,26.64
13,6.74,12,63,5.1,95.23
67,6.45,40,81,5.4,45.75
89,8.12,3,79,7.2,14.74
45,5.57,83,88,7.9,96.96
90,8.38,1,88,6.7,12.07
20,4.99,81,83,8.3,100.0
11,4.76,64,85,4.2,100.0
80,7.75,14,72,7.4,23.84
98,7.94,14,81,8.0,15.97
98,8.34,3,74,7.4,12.31
63,6.01,30,64,4.5,57.84
6,6.17,16,79,6.9,100.0
61,6.93,11,82,4.8,42.4
74,6.57,38,84,4.9,39.79
8,8.19,72,75,6.2,100.0
65,5.6,13,81,6.6,42.86
65,5.77,33,62,4.2,50.93
0,5.74,89,85,7.8,100.0
42,8.51,70,69,5.0,72.11
61,6.75,23,75,6.4,49.82
45,6.54,18,61,7.7,63.72
15,7.47,111,77,8.9,100.0
66,6.81,34,72,4.8,43.66
83,8.08,8,81,7.8,17.8
84,9.48,5,74,6.9,11.83
69,7.25,19,65,5.7,35.58
85,8.26,7,84,6.8,16.47
63,5.71,41,83,6.1,62.31
61,6.27,25,80,5.4,53.65
76,6.46,39,66,4.1,41.64
82,9.97,0,73,8.0,7.95
18,5.99,56,65,8.9,100.0
42,4.7,24,74,4.0,83.77
18,5.62,9,83,9.0,92.45
76,7.37,19,65,5.2,31.08
25,6.39,79,67,7.4,100.0
23,7.34,95,65,4.0,100.0
84,8.44,4,83,7.3,14.75
81,9.69,3,76,8.3,9.85
59,8.16,47,79,4.5,51.06
74,6.09,43,66,4.7,45.89
25,7.26,105,86,4.6,100.0
65,5.51,33,80,5.6,50.19
31,7.24,58,89,8.0,86.64
77,5.51,33,61,5.2,44.43
4,6.3,36,64,4.2,100.0
22,9.11,93,77,5.0,91.35
25,5.02,16,67,4.7,97.67
52,4.93,30,86,7.8,71.52
43,6.1,73,66,7.0,93.78
68,6.89,23,70,4.2,38.75
68,6.8,19,78,4.1,37.04
44,4.63,44,83,8.9,88.52
86,9.53,2,80,6.4,9.84
89,7.69,14,79,7.3,19.93
84,8.8,11,81,8.5,14.62
81,8.02,12,76,7.4,21.05
74,5.75,10,71,6.3,36.49
95,8.55,2,79,9.0,9.89
77,7.39,32,62,6.6,34.41
91,7.65,3,76,6.6,17.02
8,6.71,93,80,8.1,100.0
43,7.29,39,66,4.6,70.07
4,8.52,108,69,7.9,100.0
67,5.84,26,77,5.8,45.14
75,6.61,36,75,5.4,39.46
95,9.53,11,77,7.4,10.38
73,7.42,18,69,5.6,31.61
5,6.24,40,80,6.4,100.0
75,5.97,15,64,5.6,37.43
85,9.92,0,83,7.3,6.62
28,6.69,29,84,7.7,83.0
61,5.84,36,83,5.7,61.09
77,6.15,33,78,4.2,39.3
91,9.26,12,81,6.3,12.87
65,7.44,28,63,4.5,40.08
35,7.45,92,83,8.0,93.88
53,9.16,44,88,6.7,44.4
79,7.2,46,80,4.2,37.02
58,6.74,114,71,5.8,80.54
79,7.28,17,70,6.3,28.62
4,6.87,95,85,4.1,100.0
35,5.84,4,72,5.5,70.79
53,7.44,7,84,8.3,41.1
93,7.98,3,89,7.2,13.03
52,4.77,91,84,5.3,100.0
60,6.63,17,75,4.4,48.94
86,9.74,0,88,7.3,6.57
94,9.11,2,70,6.6,10.84
92,9.75,0,83,9.0,4.52
38,6.04,46,75,8.8,85.56
43,5.91,11,79,4.9,65.8
80,9.45,6,84,7.2,12.13
68,6.34,45,72,4.1,48.3
7,7.07,77,85,4.9,100.0
87,9.75,4,70,8.9,8.41
100,7.85,0,78,8.6,11.5
75,7.44,38,65,4.0,37.15
76,5.87,20,83,6.6,36.12
43,5.76,56,80,8.6,86.46
64,5.83,21,82,4.5,51.95
69,5.55,18,63,5.2,44.51
66,5.69,44,76,5.2,52.38
69,6.15,23,63,6.9,42.19
80,8.96,4,75,8.4,13.89
66,6.17,25,79,6.4,43.17
91,9.92,12,82,7.1,9.39
14,6.53,107,75,4.3,100.0
68,5.84,18,80,6.1,41.55
90,8.86,9,73,8.7,12.83
68,7.41,39,63,4.6,41.83
49,4.85,42,80,4.9,83.04
19,5.58,81,78,5.6,100.0
30,6.82,62,82,8.4,94.02
84,8.84,2,88,6.4,12.43
92,9.35,10,80,7.6,10.74
53,6.51,110,85,6.5,85.03
89,9.7,8,84,6.2,9.89
69,7.25,32,80,5.3,37.81
78,5.97,17,65,6.9,35.5
14,7.72,0,87,4.9,72.34
78,6.77,43,84,6.6,37.67
18,6.84,105,81,8.5,100.0
72,6.08,12,78,5.4,36.09
74,6.22,33,72,5.3,41.42
68,6.57,43,83,5.3,45.11
59,6.54,20,70,7.8,50.93
91,8.96,1,73,7.6,10.55
15,9.27,65,62,8.9,87.1
52,6.99,7,73,6.8,47.51
94,9.13,1,83,6.2,9.2
46,6.99,65,62,4.3,81.05
9,7.47,80,87,6.0,100.0
92,9.52,10,85,7.8,9.27
27,6.58,21,81,5.5,82.79
60,6.36,49,60,4.8,66.67
9,4.53,89,62,4.3,100.0
91,8.93,11,78,8.5,12.47
56,7.74,107,64,8.5,72.95
90,9.31,1,81,6.9,8.97
62,7.28,17,66,5.6,44.2
64,7.3,45,76,6.0,53.11
91,8.47,11,81,8.2,14.25
79,5.93,20,72,4.5,35.92
87,8.64,7,78,8.9,13.16
56,5.1,12,80,5.4,59.3
45,6.66,1,88,6.6,49.88
79,7.02,14,62,6.8,29.44
91,7.99,5,86,6.5,15.07
89,8.03,5,85,8.2,14.24
29,7.12,115,85,7.0,100.0
36,5.14,45,68,4.9,98.23
38,6.95,85,71,6.7,96.04
95,9.93,8,83,8.3,6.42
41,8.56,115,85,4.8,78.02
74,6.44,44,80,4.3,42.75
15,4.79,101,85,7.6,100.0
75,5.55,29,74,5.5,42.67
28,8.32,103,65,6.4,95.63
93,9.38,3,83,8.3,7.32
59,7.83,70,75,4.4,62.9
43,7.77,43,79,6.9,65.36
31,6.8,38,88,7.1,82.82
23,4.86,53,65,5.5,100.0
72,6.57,33,60,5.8,42.28
55,8.1,61,77,8.7,58.07
54,5.96,103,89,7.9,86.89
12,8.77,93,88,8.4,100.0
17,5.43,41,77,9.0,100.0
69,7.34,31,72,4.1,38.01
71,6.38,17,82,5.3,36.24
73,6.74,16,67,6.4,34.39
90,9.24,14,77,7.7,13.13
77,7.33,22,71,6.0,30.96
10,7.3,74,86,8.0,100.0
92,9.54,12,79,8.8,9.72
94,9.53,9,75,6.2,11.12
63,5.7,13,61,4.5,52.15
91,7.52,8,78,6.2,19.16
100,9.86,8,71,8.7,7.49
99,8.41,10,83,7.9,12.65
68,5.8,11,82,6.3,39.15
89,7.55,13,86,7.5,19.18
96,9.34,11,85,8.6,9.08
95,8.76,10,86,6.0,13.08
70,6.29,45,66,4.5,47.99
77,6.79,49,67,6.7,41.96
33,8.28,99,87,4.6,88.53
22,6.02,54,78,7.9,100.0
99,8.2,13,71,7.7,15.98
3,4.63,85,64,5.1,100.0
53,5.82,94,86,6.3,90.71
24,8.38,112,80,6.7,97.29
21,4.83,48,63,7.0,100.0
29,5.83,32,68,7.5,93.08
72,6.79,37,72,6.3,40.75
75,6.41,40,71,6.1,42.1
43,7.94,116,76,6.3,83.19
63,6.45,25,71,6.9,51.19
87,7.77,9,74,6.1,20.24
48,6.68,33,65,5.7,67.72
19,5.31,68,82,7.8,100.0
96,7.71,0,70,6.8,15.13
58,7.58,93,73,5.5,73.51
78,7.24,32,63,4.9,34.99
61,6.63,47,66,4.4,62.32
51,8.05,117,78,8.2,73.13
72,6.28,26,81,6.2,38.87
31,5.19,20,81,6.1,89.42
68,5.56,35,80,5.7,48.38
81,9.82,6,80,6.1,11.43
54,5.96,116,77,8.7,87.69
93,8.0,6,84,8.6,13.42
95,8.76,6,75,6.8,12.54
74,6.23,43,76,6.3,43.79
78,6.24,16,61,6.4,34.77
80,8.01,6,75,7.4,19.78
0,6.71,108,64,7.1,100.0
98,9.03,11,87,6.3,11.59
67,6.53,34,79,4.9,43.69
22,7.1,33,83,6.6,88.98
38,8.08,69,75,5.5,78.94
0,6.66,108,87,8.7,100.0
66,5.98,10,75,5.7,40.36
67,6.6,11,76,6.6,35.98
85,9.9,9,85,7.8,8.88
99,8.12,3,74,8.1,12.47
69,7.05,42,70,6.0,43.18
28,6.3,103,87,6.7,100.0
69,6.52,33,65,5.2,43.78
40,4.81,1,61,7.9,69.75
33,5.17,96,63,4.8,100.0
41,5.55,88,76,5.2,100.0
65,6.78,28,73,5.1,42.52
89,9.63,10,77,6.8,11.16
6,6.69,23,87,7.9,100.0
79,5.9,35,74,6.4,40.16
75,5.6,18,68,4.3,39.72
61,6.42,22,64,4.9,53.2
94,8.67,14,89,8.5,12.46
65,5.69,21,79,4.5,45.61
69,7.39,16,63,5.8,34.15
62,6.31,12,81,6.4,45.91
64,6.61,42,72,4.0,57.19
70,6.16,33,62,6.7,44.82
92,9.09,9,72,7.2,12.78
35,9.0,18,70,6.0,53.1
91,8.14,8,79,6.3,16.41
95,7.64,7,80,6.5,16.84
71,6.17,22,81,6.1,38.93
100,8.09,14,83,6.8,15.82
67,6.3,32,74,4.9,44.87
98,9.39,5,88,9.0,6.13
51,6.77,14,86,7.4,51.64
75,7.03,28,70,5.7,35.49
93,8.05,7,74,8.3,14.97
13,8.1,104,63,5.5,100.0
74,7.49,25,63,6.8,32.96
95,9.62,3,83,7.8,6.49
63,7.09,22,73,5.4,46.1
75,7.4,14,65,6.4,29.59
83,7.57,0,77,6.2,19.44
25,6.97,21,76,6.0,82.24
36,6.25,10,60,5.8,72.12
70,7.11,26,67,5.9,37.66
97,9.04,1,74,7.3,9.33
16,9.39,114,66,4.9,95.2
94,9.24,0,80,7.6,7.72
36,5.56,95,87,8.9,100.0
45,6.22,55,88,8.4,79.31
62,5.62,36,63,6.6,63.61
53,8.78,111,70,5.7,67.34
80,8.24,4,78,8.5,16.85
7,8.18,41,86,4.6,99.54
78,7.11,11,73,4.7,27.91
75,6.77,49,72,6.3,42.83
71,6.89,36,77,4.2,40.12
50,6.0,118,66,5.9,94.93
79,7.26,25,62,6.0,32.37
20,9.25,100,82,4.5,91.01
66,5.52,36,81,5.4,50.23
75,6.29,12,62,5.7,35.13
9,4.56,93,89,5.5,100.0
22,7.04,88,81,7.4,100.0
89,8.26,12,82,7.8,16.15
37,8.67,70,64,5.1,75.65
76,7.47,34,80,7.0,32.68
75,6.36,43,64,6.5,43.8
56,7.81,53,76,5.3,58.85
79,5.96,15,61,6.1,35.42
19,4.57,43,68,6.8,100.0
13,6.09,35,67,7.1,100.0
26,6.27,59,69,5.9,100.0
96,9.98,1,79,8.0,4.73
63,6.47,13,76,6.9,44.8
83,8.21,12,85,7.4,18.36
60,5.91,47,70,6.4,67.42
98,7.69,1,82,8.1,12.62
69,5.52,44,81,5.9,50.59
6,6.66,52,67,7.2,100.0
46,6.24,5,87,7.2,54.74
66,5.92,48,81,4.6,51.77
77,7.4,21,76,5.1,29.74
66,5.55,10,65,5.8,43.88
42,7.16,81,76,7.1,87.36
9,7.71,97,76,5.1,100.0
12,7.55,102,86,5.4,100.0
12,8.95,27,61,8.9,79.49
99,8.41,2,80,7.3,11.05
68,6.84,18,66,4.2,37.94
35,6.23,118,87,6.3,100.0
4,5.23,85,85,6.4,100.0
94,9.26,10,87,6.9,10.44
84,9.57,9,89,7.5,10.41
74,7.18,40,71,5.6,38.91
43,4.55,25,85,8.2,81.22
74,6.3,20,82,4.2,35.74
15,6.26,105,77,4.8,100.0
34,5.61,84,75,6.7,100.0
20,5.27,57,81,4.3,100.0
63,6.21,49,72,5.5,63.65
47,8.13,101,72,4.8,78.35
100,8.36,7,80,7.2,12.73
38,8.44,117,61,6.5,84.63
14,8.57,50,79,5.0,91.27
96,8.67,4,80,8.9,9.79
84,9.22,5,76,7.3,12.47
50,6.45,12,64,5.9,57.55
13,6.64,80,86,9.0,100.0
84,9.22,1,80,8.7,9.56
4,9.18,76,69,6.2,100.0
23,5.47,39,69,4.5,100.0
61,6.84,44,76,7.0,57.59
36,5.94,7,71,5.2,71.31
52,9.11,46,69,8.5,47.14
82,9.54,4,78,6.8,11.48
40,7.5,112,73,4.3,90.99
60,6.91,38,78,5.4,55.97
72,6.8,31,80,5.3,38.08
43,4.84,70,79,5.6,100.0
76,5.65,23,79,4.1,39.08
97,8.53,14,72,6.0,16.53
34,6.69,12,74,8.2,68.39
62,7.3,13,63,4.3,42.54
74,7.06,20,73,4.5,33.03
48,8.83,23,88,4.7,43.54
16,5.79,103,85,6.4,100.0
78,6.04,45,84,6.2,42.13
89,9.29,4,77,6.4,11.07
87,8.01,5,85,6.4,16.44
2,8.71,63,89,8.2,100.0
75,6.87,46,68,4.9,42.11
67,6.35,21,71,5.6,41.56
89,8.37,13,82,8.8,15.2
97,7.77,2,81,7.7,13.24
98,8.11,0,86,6.6,11.48
68,5.5,18,71,6.0,44.47
90,8.04,6,75,8.3,15.4
7,8.33,106,61,4.9,100.0
78,6.57,27,67,4.8,36.19
59,7.58,80,64,6.0,70.05
72,5.6,29,68,4.3,45.0
31,4.51,8,79,6.6,87.42
44,6.94,83,65,8.3,88.46
84,8.54,3,70,8.4,14.74
3,6.83,88,63,6.1,100.0
6,7.63,67,77,6.7,100.0
13,4.66,95,86,5.5,100.0
86,8.99,2,73,6.8,12.66
69,7.23,25,74,5.5,36.5
97,8.94,8,85,7.1,10.73
14,8.98,64,64,9.0,91.27
45,5.28,15,82,5.8,70.37
15,8.79,57,73,5.5,90.98
91,9.47,4,86,6.3,8.91
77,5.59,18,81,5.6,36.99
93,9.66,5,83,7.4,7.53
54,5.27,100,84,6.6,93.98
99,9.95,6,78,7.9,6.38
38,9.05,39,70,5.4,58.32
78,6.66,31,61,4.8,37.71
70,6.94,11,76,6.5,32.42
64,5.93,25,72,6.7,53.77
95,8.24,12,81,6.3,16.11
97,9.32,12,78,6.7,11.7
83,8.54,13,88,7.2,16.95
85,9.91,8,89,6.5,9.11
55,4.59,79,65,7.8,95.02
61,6.03,26,74,5.3,56.44
20,4.6,96,88,7.2,100.0
15,6.73,110,60,8.2,100.0
91,8.92,6,87,6.0,11.87
14,8.43,88,72,4.4,100.0
93,9.85,12,89,6.2,9.21
55,6.15,53,61,6.6,73.81
74,7.36,35,79,6.4,35.19
70,6.98,32,64,6.4,40.25
97,8.93,5,79,7.6,10.11
72,6.7,11,73,4.4,33.21
42,8.66,14,66,7.8,47.24
81,8.71,4,88,7.1,14.21
66,7.41,44,74,4.9,43.29
45,4.9,34,89,8.7,79.96
65,5.75,26,73,6.7,46.98
84,8.13,6,73,6.5,18.61
98,9.66,8,75,7.9,8.44
95,9.41,5,73,7.8,9.15
61,6.51,20,83,4.0,49.41
20,9.33,9,85,7.7,57.17
87,7.53,10,85,8.7,18.17
96,9.94,1,82,8.8,3.85
98,9.73,0,89,7.7,4.21
16,5.2,66,73,6.8,100.0
93,8.08,2,76,8.3,13.06
95,9.71,2,74,7.4,7.23
63,6.45,43,78,5.0,58.77
59,5.11,49,67,7.5,74.4
75,6.86,22,79,5.5,33.37
98,9.98,9,75,6.9,8.42
86,8.01,10,76,6.2,19.6
89,7.55,11,84,8.2,18.28
93,7.54,0,87,6.2,14.92
15,5.61,51,87,6.4,100.0
99,8.46,9,86,6.9,12.61
17,9.36,97,67,8.9,92.06
53,6.91,110,79,6.7,82.26
61,5.84,26,72,4.1,57.96
93,8.13,0,87,8.2,10.93
100,9.39,10,71,6.7,11.4
90,7.68,12,71,8.5,18.99
66,5.9,45,68,4.1,52.5
29,8.64,45,83,4.3,71.84
12,6.85,54,64,6.0,100.0
73,7.29,36,83,6.6,35.76
17,5.39,52,65,6.5,100.0
75,5.96,25,62,6.7,40.26
99,9.53,1,81,7.2,6.55
76,6.34,10,61,5.5,33.83
61,5.54,18,68,5.4,56.54
78,5.63,16,70,5.9,36.9
98,8.53,9,81,6.8,13.2
86,8.74,2,84,8.6,11.0
40,5.44,20,75,6.6,77.54
79,5.95,30,78,4.7,38.18
90,7.93,3,88,7.0,14.38
40,8.11,79,66,7.6,80.3
79,7.45,47,74,4.4,36.86
72,7.45,38,65,5.5,38.71
28,4.96,22,69,7.6,96.39
92,9.67,4,71,8.1,8.24
92,8.54,3,89,7.1,11.1
74,6.45,15,72,4.3,34.67
55,8.66,26,66,6.7,42.84
43,6.18,18,65,6.5,68.83
9,8.44,12,68,4.1,83.05
60,7.35,43,68,4.0,56.07
73,7.25,26,63,4.9,35.72
72,7.38,15,79,4.1,30.23
68,5.61,21,69,6.3,44.82
88,9.81,9,89,6.1,9.44
75,6.32,24,82,6.8,35.7
92,9.98,7,74,6.5,8.87
93,7.86,10,75,8.6,16.24
61,7.14,45,76,5.1,56.64
6,8.19,10,83,5.4,86.23
57,5.79,77,68,8.5,82.05
12,6.05,11,77,5.4,100.0
96,8.47,7,80,7.3,12.77
60,5.88,23,73,5.3,57.0
86,7.65,0,84,7.7,15.9
59,7.4,23,89,7.5,44.42
46,9.09,13,65,7.9,40.03
29,5.13,93,68,4.7,100.0
96,8.59,7,83,8.8,10.78
61,6.56,10,82,4.9,44.23
82,9.06,5,77,6.3,14.51
78,7.42,49,60,4.0,39.81
56,6.23,99,65,8.0,85.55
32,7.27,14,71,9.0,66.54
73,5.61,13,78,6.3,37.91
89,8.14,8,80,8.7,14.97
20,9.38,59,71,8.5,77.32
88,9.52,4,77,8.8,8.36
98,8.76,7,77,7.5,11.57
60,7.44,43,70,4.5,55.2
21,4.71,39,74,8.3,100.0
72,5.97,13,83,4.6,36.33
74,6.79,15,62,4.8,34.18
69,6.15,47,79,6.2,48.2
83,9.59,3,82,9.0,8.36
61,6.82,33,66,5.3,55.12
15,9.16,58,65,8.9,85.58
26,5.78,88,83,8.7,100.0
21,8.14,86,78,8.2,100.0
89,8.65,12,75,6.1,16.76
72,6.42,46,68,4.1,46.11
62,6.24,49,60,4.3,65.77
13,7.36,46,73,8.0,100.0
50,6.81,89,76,5.6,86.55
75,6.21,28,60,6.1,40.68
90,7.71,0,80,6.3,15.86
91,9.07,9,87,6.7,11.61
19,7.5,2,89,5.5,71.28
61,6.68,49,82,4.1,60.86
50,4.83,104,82,4.3,100.0
100,8.63,6,85,6.2,11.63
24,7.28,62,72,6.2,99.27
60,6.14,18,71,6.6,52.64
27,7.17,5,86,8.4,66.06
77,7.23,21,80,6.6,29.61
59,8.29,14,77,4.3,36.85
76,5.51,27,84,5.8,40.43
91,9.03,3,86,8.3,8.77
82,9.15,4,78,6.9,13.19
45,6.51,61,82,6.9,81.34
91,8.45,13,71,6.1,17.87
77,5.74,44,65,5.6,46.28
99,9.63,14,82,8.8,8.87
61,6.19,47,61,5.1,66.04
93,8.62,11,83,8.6,12.62
30,6.55,70,67,6.4,100.0
72,6.45,26,80,6.7,37.74
86,8.7,3,88,7.8,11.65
68,7.22,31,79,6.0,38.38
7,5.47,113,68,7.3,100.0
94,9.81,10,83,6.1,9.45
54,7.18,62,78,4.7,68.84
42,8.51,56,83,5.1,65.1
97,7.93,3,83,6.9,13.37
75,5.55,16,76,6.5,37.96
71,6.55,24,64,4.9,39.71
79,7.42,36,68,6.3,34.08
49,8.97,71,84,8.7,57.93
17,7.94,75,78,6.3,100.0
81,8.41,9,84,8.7,16.37
74,7.37,24,69,4.8,33.22
93,8.68,9,86,8.6,11.36
72,6.35,16,75,4.8,36.33
21,5.0,111,68,5.1,100.0
19,5.61,103,66,6.2,100.0
91,7.97,6,75,7.4,16.06
86,7.86,0,86,6.3,15.82
7,4.86,17,83,5.2,100.0
89,7.82,10,83,8.4,16.75
91,7.58,6,83,7.1,16.94
49,4.75,16,66,4.3,72.52
18,7.63,33,62,7.3,90.37
46,6.08,104,65,4.7,98.58
93,8.38,8,73,7.7,14.51
17,7.89,64,69,6.5,100.0
81,7.91,10,77,7.6,20.68
86,8.41,4,71,8.3,14.89
78,6.46,33,70,4.4,38.19
72,5.83,29,60,4.7,44.81
67,6.66,48,75,5.4,47.81
21,8.11,73,69,7.6,97.56
16,7.73,52,88,7.8,96.57
16,5.43,84,80,8.9,100.0
96,9.49,6,86,7.8,7.48
25,5.62,95,84,6.5,100.0
91,9.72,5,84,6.9,7.93
92,8.61,13,71,7.5,15.82
90,8.4,5,79,7.9,13.39
58,8.08,21,88,7.9,39.26
4,8.04,0,80,5.0,82.31
66,5.54,14,76,5.9,43.88
75,7.39,48,82,4.3,38.47
43,6.0,66,61,7.9,91.57
24,5.09,21,64,7.5,100.0
62,5.81,17,79,6.0,52.14
50,9.27,8,75,7.3,32.67
68,7.35,47,80,6.9,41.85
14,6.32,116,77,6.5,100.0
94,8.92,5,84,7.4,10.19
80,9.5,0,88,7.7,9.2
15,7.44,49,77,8.7,100.0
49,6.97,13,64,4.5,55.27
70,5.71,41,63,6.4,49.77
61,6.42,21,84,6.0,50.31
77,5.58,41,73,6.5,44.72
77,6.74,26,66,4.8,35.68
100,8.12,12,81,7.2,15.01
92,8.44,12,72,7.2,16.35
62,6.89,28,83,4.9,49.65
92,7.73,13,88,7.1,17.65
60,6.11,19,77,4.4,53.13
23,7.84,41,82,8.0,83.2
63,6.32,32,67,6.8,55.67
54,4.53,13,87,5.0,64.77
97,9.05,11,87,6.2,11.73
43,5.87,15,61,7.0,69.71
43,6.91,19,76,4.5,62.87
80,8.94,2,73,8.6,13.47
7,7.42,31,88,5.0,100.0
95,7.56,12,79,6.7,18.59
22,6.1,48,61,7.4,100.0
34,9.03,106,70,5.8,81.16
31,5.62,91,84,8.4,100.0
84,9.26,13,71,8.6,14.36
50,8.22,65,70,8.5,63.77
57,9.06,37,82,7.6,39.77
16,9.23,82,76,7.3,92.24
93,9.71,3,83,7.7,6.5
68,6.62,21,67,6.7,39.35
57,8.85,68,65,7.3,55.29
68,5.85,16,67,6.8,41.86
78,7.28,28,84,4.4,31.04
70,7.4,32,62,6.0,38.61
90,8.78,12,87,7.2,13.6
79,5.89,19,72,6.9,35.11
83,9.77,11,72,7.4,12.57
60,6.43,42,65,6.1,62.51
60,5.5,35,71,4.3,65.28
13,7.54,43,79,4.3,100.0
89,9.24,14,78,7.1,13.71
91,8.73,5,84,6.5,12.32
92,7.83,0,74,8.4,13.81
89,8.62,0,77,6.5,12.54
86,7.72,5,84,6.1,18.38
24,4.91,118,65,5.1,100.0
63,7.43,11,61,4.9,40.25
63,6.6,16,72,6.5,46.31
92,8.6,7,78,7.1,13.41
67,7.04,28,82,5.9,38.71
88,9.34,13,83,6.6,13.01
79,6.68,14,78,7.0,29.01
19,4.73,118,84,8.8,100.0
28,8.45,2,87,5.5,54.24
75,6.43,42,63,6.9,42.95
71,7.25,41,75,6.3,39.83
63,7.41,21,78,5.9,42.92
42,8.11,5,68,6.0,48.12
65,6.32,43,83,6.2,48.31
85,8.91,3,71,6.8,13.92
69,7.07,15,82,4.3,33.24
13,4.6,95,76,6.3,100.0
21,8.41,104,80,4.8,100.0
94,8.54,14,74,8.8,14.55
44,9.3,35,75,6.9,48.03
82,9.4,7,75,7.6,12.74
20,4.82,78,85,8.2,100.0
91,9.23,9,79,7.7,11.16
75,6.78,23,78,4.6,34.19
66,6.67,17,83,7.0,37.05
29,9.09,54,68,7.7,70.81
95,7.66,7,70,6.6,17.88
70,7.07,33,74,5.5,39.22
64,6.71,31,77,6.7,50.71
95,9.99,11,89,6.1,8.16
22,5.97,112,76,4.3,100.0
62,5.63,35,82,6.7,60.71
72,7.18,47,82,5.3,40.85
96,9.14,12,82,6.6,12.11
70,6.59,44,65,4.7,46.23
98,9.17,12,75,7.4,11.93
45,8.76,48,70,7.6,57.28
86,8.32,13,70,7.1,19.14
87,8.19,2,77,6.9,15.28
74,6.69,36,72,4.6,40.0
86,7.87,9,85,7.7,17.56
54,8.83,118,62,7.0,66.19
97,8.16,2,83,8.9,10.6
39,5.61,57,66,7.1,95.52
51,8.04,21,80,5.6,47.52
70,7.21,22,68,6.5,35.39
53,5.57,3,73,5.0,54.0
77,6.79,23,79,4.9,32.96
93,7.67,7,74,7.4,17.19
87,9.6,2,86,8.0,7.27
26,9.24,65,76,6.9,75.89
36,4.6,97,61,7.2,100.0
16,8.68,45,65,8.2,85.59
28,9.12,96,76,6.5,84.77
61,5.86,40,75,5.2,63.69
21,8.1,74,79,6.5,97.89
11,5.22,52,88,8.3,100.0
48,9.32,78,78,7.3,59.46
22,5.05,30,66,7.8,100.0
69,6.36,31,62,4.7,44.39
80,8.89,0,86,8.8,11.37
85,7.66,4,81,6.8,18.48
34,6.83,115,77,5.0,100.0
76,6.26,31,78,6.2,38.55
35,7.49,30,61,4.1,72.92
30,9.45,21,82,5.3,53.01
82,8.17,12,82,8.6,18.25
87,9.7,5,73,8.5,8.87
66,6.66,16,68,5.2,39.34
3,5.0,77,68,7.4,100.0
26,9.13,106,62,7.8,87.32
74,7.03,42,73,5.3,40.06
67,5.7,13,63,5.1,43.52
79,7.12,27,76,6.5,31.63
74,6.35,29,81,6.4,38.13
50,6.0,38,62,7.2,72.72
62,7.29,34,83,4.1,49.44
89,9.05,6,78,7.2,11.92
83,8.41,11,83,7.4,17.35
60,5.98,37,84,5.2,61.37
30,4.66,86,72,7.4,100.0
47,6.51,115,62,4.8,94.22
92,8.06,7,82,9.0,13.68
92,9.57,14,73,7.2,12.27
70,6.58,13,62,6.0,36.94
29,8.31,28,85,8.7,65.66
49,8.49,42,69,5.7,55.41
98,8.5,13,70,9.0,14.08
14,6.2,53,81,8.2,100.0
80,8.72,10,76,7.9,17.22
1,8.77,114,88,7.7,100.0
66,7.11,38,82,6.8,41.44
72,6.51,40,61,6.1,44.5
39,5.76,119,74,8.8,100.0
9,4.92,7,72,4.6,100.0
53,6.26,107,77,6.7,87.83
83,7.75,9,84,7.4,19.59
24,7.05,82,63,6.7,100.0
86,9.6,3,83,8.3,7.93
64,7.22,29,67,5.0,48.22
40,5.77,57,81,4.2,92.11
41,4.52,107,82,4.5,100.0
86,9.31,2,76,6.1,11.48
97,8.93,5,83,7.5,9.75
66,6.21,14,62,5.5,41.89
13,4.72,35,86,7.4,100.0
72,6.14,24,76,6.4,39.39
90,8.79,0,84,6.8,10.54
94,9.59,10,71,8.1,10.11
88,8.38,5,72,6.3,16.2
89,8.02,8,72,6.7,18.05
97,9.25,6,77,8.5,8.8
23,4.75,38,73,4.4,100.0
80,8.36,1,77,8.7,15.31
90,9.25,13,81,8.1,11.99
96,7.81,7,77,7.3,15.66
89,7.75,6,79,7.2,17.26
58,5.76,82,73,6.5,84.35
83,8.57,12,86,9.0,15.3
14,6.4,30,80,8.5,100.0
93,9.45,9,75,7.7,10.33
98,7.69,13,86,8.7,15.41
96,8.49,1,83,6.5,11.09
2,7.17,88,88,4.8,100.0
8,8.24,20,88,8.1,86.17
43,8.15,102,89,7.3,78.85
15,5.93,23,85,8.4,100.0
28,6.82,19,82,8.5,76.41
43,6.84,70,81,6.8,84.47
61,6.26,13,77,4.2,48.29
33,8.78,16,87,7.4,52.84
72,6.31,11,61,5.6,36.66
91,7.8,12,72,6.2,19.97
52,6.55,116,86,7.7,84.57
5,5.15,102,79,6.0,100.0
77,6.4,13,72,5.9,32.58
72,6.09,36,78,5.8,43.52
51,8.57,80,80,4.0,66.13
47,8.93,48,63,4.2,56.12
60,6.67,18,60,6.6,50.5
46,9.05,8,63,7.5,38.69
44,8.84,71,66,6.2,67.52
77,5.6,24,76,5.5,39.37
89,8.1,2,77,8.6,13.67
51,7.23,25,81,7.4,54.18
8,9.38,91,71,7.3,100.0
80,9.35,13,81,7.3,15.09
83,9.98,6,72,7.3,10.07
90,8.69,9,73,8.3,13.8
39,6.37,87,88,9.0,97.32
18,5.3,119,63,7.5,100.0
86,9.39,11,85,7.7,11.59
92,8.92,4,89,7.7,9.41
51,7.78,35,75,7.9,54.49
84,7.83,7,76,6.7,19.74
97,8.65,1,83,8.5,8.72
86,8.97,0,83,6.3,11.35
7,7.58,16,65,6.1,96.5
67,6.75,24,62,6.9,40.68
87,8.22,14,82,8.3,17.18
72,6.31,23,70,6.4,38.97
80,7.54,13,82,7.8,23.06
83,9.46,12,71,8.1,13.79
95,8.5,4,77,6.1,13.24
58,8.52,14,76,4.7,36.12
40,5.58,76,63,4.0,100.0
80,8.11,3,70,7.7,18.77
20,6.25,98,84,6.5,100.0
59,6.8,67,63,6.8,70.54
90,7.66,9,74,8.0,18.18
66,7.41,28,71,6.2,38.47
55,4.56,75,88,7.0,91.46
47,7.58,17,71,4.6,53.63
11,5.71,60,65,5.2,100.0
3,5.01,12,69,6.3,100.0
46,6.83,87,77,7.4,88.28
66,6.38,36,75,6.3,46.01
72,5.69,35,81,4.8,44.89
52,8.26,19,66,4.9,45.85
13,7.25,116,81,9.0,100.0
15,5.09,52,61,8.2,100.0
9,9.27,95,61,4.2,100.0
26,6.05,67,86,6.7,100.0
71,5.7,19,76,4.3,41.1
24,7.61,10,76,8.3,69.9
64,6.89,30,68,6.0,50.74
30,7.16,7,81,6.0,66.77
65,6.95,18,66,4.1,39.31
10,5.28,63,61,4.2,100.0
87,9.92,6,87,8.8,6.35
53,8.96,66,64,7.6,56.4
39,9.14,110,69,8.3,73.51
78,5.73,10,81,6.5,32.86
47,5.55,106,68,4.4,100.0
81,7.68,7,87,8.0,19.28
91,8.6,2,83,8.2,10.63
70,6.89,40,60,5.0,44.0
94,8.04,5,85,6.9,13.94
81,7.99,4,76,8.5,17.81
62,6.72,45,76,6.9,58.05
100,7.77,7,87,7.6,13.71
99,9.37,6,83,8.4,7.46
65,6.65,31,64,4.6,45.23
50,9.15,17,70,5.7,39.03
85,9.09,5,87,6.2,12.26
66,7.42,44,82,6.6,41.78
49,6.71,76,67,4.2,84.34
76,5.6,33,61,6.4,44.24
32,7.33,73,80,6.7,92.9
5,8.36,105,82,7.7,100.0
84,7.94,9,86,8.2,17.44
77,6.02,10,73,6.4,33.03
59,5.95,61,60,6.2,75.34
99,9.43,3,76,8.1,7.4
97,7.69,7,77,8.4,15.01
99,8.37,5,70,8.9,11.98
34,5.63,106,64,6.9,100.0
33,7.66,56,69,5.2,83.62
85,8.37,13,79,8.4,17.13
68,6.7,19,71,6.0,38.38
0,6.77,88,85,8.8,100.0
88,8.13,0,77,7.5,14.15
38,8.52,7,68,5.6,49.64
74,6.28,19,81,5.2,35.65
93,8.08,12,73,7.8,16.88
84,8.62,5,75,6.3,16.04
55,9.44,89,86,7.4,55.71
54,6.92,7,63,8.2,46.34
64,5.65,28,60,6.1,58.89
79,5.62,14,66,4.6,36.24
21,7.44,75,63,6.2,100.0
84,8.23,9,80,6.9,17.9
84,9.41,7,86,6.0,12.04
81,9.73,2,89,8.2,7.87
57,9.46,114,83,7.2,55.02
77,5.51,35,60,5.6,45.17
14,4.87,81,60,6.4,100.0
95,8.34,0,77,7.7,11.36
11,5.65,114,63,5.6,100.0
10,9.34,77,73,8.5,95.0
7,4.7,6,63,4.5,100.0
68,5.68,15,60,4.3,43.91
39,8.38,66,60,5.1,75.68
29,8.49,47,81,5.6,74.42
71,7.48,26,80,4.7,33.6
79,7.05,21,60,4.1,32.34
1,7.74,21,81,4.8,100.0
99,7.6,5,83,8.2,13.8
70,7.39,11,74,6.2,30.55
66,5.93,19,65,4.9,44.63
34,8.94,73,85,7.1,73.28
89,8.14,9,84,7.5,15.74
78,7.41,14,83,4.9,26.2
46,7.63,43,61,8.4,64.77
31,5.36,52,85,7.1,100.0
73,6.13,46,75,4.6,46.16
69,5.52,24,77,5.3,44.85
81,7.52,6,77,8.4,20.62
97,9.14,12,70,9.0,11.53
91,7.95,2,70,6.6,16.2
66,5.9,22,84,5.0,43.43
80,9.15,10,87,8.4,13.41
27,4.53,11,68,8.6,93.94
98,8.13,9,71,7.6,15.17
18,6.92,9,68,6.4,84.79
90,8.34,11,89,6.2,15.69
74,5.8,42,68,5.3,46.81
100,9.62,2,73,6.9,7.73
99,9.29,0,85,6.0,7.59
94,8.72,7,86,6.0,12.43
83,9.9,7,70,8.0,10.44
89,9.68,6,81,7.8,8.46
13,5.65,60,76,6.6,100.0
77,6.58,24,78,4.1,34.4
42,5.1,51,71,6.8,93.31
11,5.21,50,75,4.6,100.0
76,6.88,38,72,6.8,37.91
65,7.16,46,60,5.6,47.55
86,7.62,3,79,6.0,18.83
46,6.92,103,67,4.9,91.05
1,5.15,3,82,4.8,100.0
68,5.51,10,74,7.0,40.78
77,6.42,45,74,5.4,42.19
77,6.1,29,63,4.7,40.08
77,7.24,38,74,6.8,35.41
82,8.24,5,70,6.4,19.0
79,6.41,39,77,6.0,38.93
60,5.93,24,81,4.8,56.22
49,6.44,17,75,4.1,59.82
62,5.92,11,62,6.5,49.98
61,7.11,29,61,4.3,52.01
79,7.48,29,84,5.6,29.91
91,9.29,13,76,6.9,13.11
61,6.25,39,74,5.4,60.65
50,6.52,114,89,5.4,87.87
38,9.44,22,80,4.4,46.68
83,9.73,12,84,7.4,11.61
83,7.54,1,81,6.0,19.51
46,5.68,104,63,8.8,100.0
26,6.07,76,63,6.9,100.0
72,6.01,29,72,4.2,42.45
65,6.01,46,72,5.8,52.43
79,6.97,18,80,4.9,29.41
74,6.1,20,64,5.9,38.9
98,9.45,12,70,8.7,10.48
51,9.0,53,64,8.5,52.1
13,9.34,112,67,4.5,99.12
30,5.31,74,72,4.5,100.0
78,7.1,18,79,6.7,28.8
4,5.54,119,62,8.7,100.0
87,8.72,14,87,6.2,16.05
47,6.87,79,82,8.0,82.72
78,6.45,47,63,5.2,43.44
87,8.83,0,70,8.8,11.23
90,7.94,13,77,8.2,17.79
96,9.12,5,70,6.4,11.57
8,8.11,117,85,6.8,100.0
83,8.27,5,78,7.4,16.68
64,6.98,17,69,4.1,44.31
35,4.98,36,89,4.9,93.91
86,9.29,8,79,8.9,10.83
31,9.46,112,72,6.1,78.24
17,5.72,63,67,6.9,100.0
54,5.93,32,79,5.5,65.58
50,9.12,94,69,5.2,66.38
62,6.71,17,70,5.3,47.45
42,8.29,105,83,4.5,80.07
37,6.4,3,89,7.3,60.61
93,9.71,4,83,8.2,6.43
86,9.72,5,84,7.1,8.86
93,8.04,11,88,6.7,15.87
88,9.31,8,84,6.5,11.61
98,9.33,10,79,8.3,9.55
97,9.48,10,87,7.4,8.8
27,6.14,69,74,4.8,100.0
69,7.33,38,76,5.6,39.75
11,7.3,40,64,8.5,100.0
82,9.34,9,87,6.7,12.99
23,5.59,98,82,7.1,100.0
18,9.15,114,61,7.7,95.59
84,9.37,7,76,7.7,12.03
76,7.29,39,67,4.3,37.47
3,6.36,94,84,4.7,100.0
54,8.13,99,76,7.4,70.71
67,6.53,10,63,5.9,38.14
79,6.59,21,79,6.8,31.6
33,8.61,16,86,7.1,54.75
90,7.98,1,79,8.8,13.17
100,7.86,5,84,7.9,12.86
20,7.21,14,76,4.2,82.04
98,9.23,1,75,8.9,7.09
53,9.28,96,72,8.8,59.87
90,8.45,3,72,6.7,14.32
76,6.89,46,83,4.5,39.67
65,5.72,36,65,6.3,51.58
63,5.61,46,62,4.3,67.7
94,8.44,5,79,6.4,13.45
76,6.08,24,71,5.0,38.23
51,6.38,62,85,5.8,77.23
53,7.63,43,79,7.3,57.39
97,9.9,12,79,6.7,9.37
83,7.87,7,86,8.9,17.0
30,4.92,47,89,5.1,100.0
76,6.56,15,65,6.4,33.52
76,5.93,31,83,6.9,38.96
87,9.63,7,80,7.6,9.71
93,7.65,8,70,6.5,18.74
90,8.59,0,89,8.0,9.78
77,6.09,17,61,6.6,36.15
88,7.78,9,79,6.2,19.15
98,7.75,0,79,7.2,13.13
95,8.44,1,89,7.5,9.98
94,8.33,4,74,6.6,14.04
89,9.62,11,76,7.8,10.87
67,7.28,34,75,6.9,39.39
89,9.41,9,72,8.5,11.02
42,4.78,14,88,8.4,74.07
13,9.09,61,82,7.1,89.18
79,5.75,33,76,5.4,40.32
97,7.68,11,74,6.2,18.43
37,5.91,46,71,4.1,90.53
94,7.78,2,71,6.6,15.91
92,8.61,5,81,6.9,12.61
74,7.45,32,79,5.6,34.12
67,5.6,46,77,5.9,52.65
22,6.63,2,73,7.1,76.16
0,5.07,92,73,4.6,100.0
65,5.82,30,84,4.2,47.06
30,5.42,19,82,4.5,88.13
94,9.77,3,71,6.0,8.9
71,7.06,23,81,4.2,34.73
51,9.17,18,83,4.2,36.96
88,9.94,1,72,8.8,6.28
57,5.68,21,75,8.1,58.12
75,5.86,24,80,6.5,38.39
71,7.42,28,66,5.6,36.22
64,6.66,19,77,6.9,45.58
77,5.98,27,61,4.3,40.27
60,6.45,48,76,5.0,63.66
34,7.19,51,77,7.2,83.02
90,9.1,13,77,6.6,14.23
80,7.94,1,75,8.9,17.32
67,7.5,31,78,5.8,37.65
38,5.73,20,68,6.1,78.66
12,5.47,104,85,5.2,100.0
85,8.9,11,77,8.0,14.71
76,5.86,45,74,6.5,45.12
67,7.39,21,78,6.6,34.67
93,8.07,10,83,7.0,15.75
85,8.5,11,83,7.1,16.51
59,8.55,60,83,7.8,50.95
47,6.15,66,72,5.0,86.32
53,8.33,48,88,7.2,52.68
34,8.51,44,72,4.2,69.1
57,4.96,23,60,6.9,66.78
68,5.89,19,67,6.1,43.14
86,7.61,1,84,7.7,16.38
38,5.35,78,77,6.0,100.0
100,9.17,9,77,7.8,10.27
60,7.49,15,82,4.0,41.44
92,8.65,12,70,7.0,15.82
94,8.85,1,85,8.3,8.41
3,6.0,16,65,5.2,100.0
41,7.15,5,79,7.2,53.87
87,8.86,9,86,7.0,13.45
25,9.04,65,87,6.9,77.92
70,7.17,33,84,4.7,37.5
84,9.07,6,82,8.9,11.45
21,7.36,39,85,8.6,88.44
53,5.68,2,87,8.8,48.55
90,8.26,5,84,7.7,13.51
75,7.49,43,76,5.0,37.15
54,7.41,115,65,5.5,79.41
74,7.33,39,70,4.4,37.94
88,7.97,11,79,6.1,19.08
79,5.9,15,61,6.3,35.59
67,5.74,19,68,5.3,44.59
3,7.35,41,71,5.6,100.0
100,8.58,1,78,6.6,10.76
76,6.04,45,77,6.2,44.07
98,7.52,13,86,7.2,17.2
38,6.18,111,75,6.9,100.0
79,6.13,32,70,4.9,38.93
11,8.68,118,65,8.7,100.0
8,8.23,18,78,7.3,87.07
85,9.9,2,80,8.2,7.01
97,8.32,8,84,7.8,12.61
90,8.85,3,82,8.7,9.91
52,4.82,89,79,5.2,100.0
73,6.94,22,83,5.7,33.63
81,8.83,7,72,7.6,16.05
57,7.76,71,76,5.9,65.35
89,7.73,8,75,7.6,18.12
94,8.16,3,73,6.5,14.59
63,5.78,30,75,4.3,58.05
25,5.02,1,68,6.4,85.61
95,9.21,9,78,8.0,10.38
83,8.32,5,72,6.7,17.74
67,7.42,24,72,4.9,36.6
76,5.87,38,72,6.6,43.07
41,6.03,97,70,5.9,100.0
8,7.9,57,67,6.2,100.0
76,6.36,27,73,6.7,37.0
58,8.77,80,74,7.6,58.26
6,8.46,74,77,5.3,100.0
27,8.87,83,63,8.5,86.3
75,7.19,49,75,5.4,40.62
83,9.46,8,87,8.6,10.25
40,9.0,65,65,7.2,66.57
81,7.9,9,79,7.3,20.41
72,6.71,36,80,6.2,39.91
6,5.66,32,71,4.3,100.0
9,8.35,103,66,7.7,100.0
74,6.72,45,82,5.4,41.44
61,6.8,48,65,4.6,61.65
100,9.09,3,74,8.1,8.84
36,6.8,116,86,8.8,98.2
98,8.28,12,81,8.2,13.89
58,8.85,116,69,5.7,63.02
94,9.21,9,77,8.8,10.0
20,6.61,109,60,5.9,100.0
68,6.29,27,69,4.6,43.33
31,8.29,102,80,8.1,89.6
71,7.07,37,66,5.5,40.83
77,7.17,20,67,7.0,30.87
50,4.64,98,74,7.8,100.0
76,5.92,21,75,4.2,37.63
45,6.83,30,87,5.9,65.43
0,4.63,24,87,7.4,100.0
62,7.09,40,75,6.9,53.55
82,9.45,11,83,6.7,13.51
68,7.21,46,77,4.8,43.36
68,5.57,21,65,4.3,45.78
2,5.63,118,68,4.8,100.0
1,7.27,65,61,8.7,100.0
66,6.69,27,63,6.8,42.57
100,8.02,8,71,8.8,14.06
83,8.53,2,79,6.4,15.32
88,9.25,2,73,6.8,10.97
71,7.48,34,63,4.4,38.12
100,8.65,4,86,7.1,10.08
86,8.26,8,75,8.6,16.03
0,7.81,57,70,7.6,100.0
0,8.8,66,61,5.7,100.0
77,6.96,31,68,4.2,35.96
59,8.29,27,87,6.6,40.69
20,8.19,116,85,6.4,100.0
96,8.07,7,89,8.8,12.01
15,4.65,26,78,6.6,100.0
71,6.13,12,61,6.9,37.78
74,6.35,29,77,6.9,38.2
19,9.22,40,75,4.0,74.68
43,8.61,11,89,4.3,44.05
19,6.55,74,62,5.2,100.0
50,7.7,0,67,4.6,40.04
98,7.55,14,82,7.1,17.96
61,6.12,25,83,6.7,53.77
20,9.5,11,60,4.5,60.74
79,5.57,45,81,6.6,43.82
87,9.73,14,77,6.5,12.66
20,9.18,46,83,6.7,74.89
75,6.4,35,64,6.0,41.49
5,7.73,106,79,7.2,100.0
61,6.18,28,61,6.0,57.9
95,8.1,9,86,7.7,13.96
63,6.61,38,75,5.0,55.95
86,8.12,12,73,8.1,18.55
71,6.39,32,68,6.7,42.0
93,9.99,8,72,8.8,7.38
93,7.82,11,82,6.2,17.85
81,9.85,1,88,7.6,7.57
49,5.4,119,83,8.9,96.64
25,8.82,0,87,5.8,51.95
93,9.08,10,75,8.4,11.57
36,5.15,51,70,7.6,99.44
90,8.95,7,71,7.7,12.86
8,6.97,29,75,4.0,100.0
92,8.28,10,75,7.0,16.17
51,6.07,81,85,4.7,87.44
92,8.05,3,83,7.3,13.72
45,5.44,77,84,5.7,97.52
50,5.75,80,73,4.7,92.12
70,7.16,39,83,6.6,39.06
30,7.78,96,66,4.5,99.49
51,6.75,12,83,4.7,52.26
33,5.88,114,65,5.2,100.0
30,9.27,59,60,4.5,71.96
74,5.53,32,80,4.2,43.6
89,8.73,4,77,7.8,12.33
86,8.47,0,73,8.7,12.81
0,8.9,49,72,6.0,100.0
78,5.91,44,62,4.6,45.2
17,5.91,47,66,5.1,100.0
84,9.82,4,86,6.8,8.67
19,9.47,118,75,7.1,88.85
59,7.41,13,77,8.0,40.77
95,9.91,14,81,8.4,8.54
13,6.01,111,70,6.6,100.0
47,4.55,15,78,4.9,74.06
63,6.48,27,74,6.5,51.83
35,9.37,91,80,7.0,74.06
59,5.21,98,81,8.5,88.15
30,5.18,59,68,9.0,100.0
41,5.08,26,84,7.8,80.38
2,5.14,98,74,5.4,100.0
18,8.14,68,85,4.6,98.13
50,5.23,70,64,6.9,92.48
100,9.0,8,70,6.6,12.38
33,7.12,90,78,5.5,100.0
55,8.66,118,67,7.3,66.16
91,7.61,12,77,6.9,19.55
65,6.56,10,70,5.0,38.5
62,6.47,15,82,6.4,46.28
95,9.17,5,78,6.6,10.39
76,6.87,34,75,6.7,36.47
82,8.99,9,87,6.4,14.8
58,7.1,87,88,7.5,73.26
62,7.34,28,67,4.1,48.48
92,8.95,3,86,7.4,9.59
83,8.34,4,85,6.6,15.88
33,5.73,113,88,6.8,100.0
47,8.17,107,87,7.7,74.78
22,8.97,38,61,8.9,72.97
78,6.17,34,63,5.3,40.73
84,8.2,10,70,6.6,19.82
13,4.61,70,67,5.7,100.0
15,9.49,50,86,8.9,75.7
87,9.27,8,88,7.2,10.94
69,6.51,20,60,6.4,40.11
99,9.42,0,79,8.9,5.53
84,8.8,11,72,7.6,16.39
83,9.4,2,79,7.8,10.25
42,8.31,94,69,6.0,81.58
7,5.92,33,82,5.9,100.0
46,5.16,0,88,6.9,56.57
37,5.45,99,80,8.3,100.0
64,6.61,34,69,4.9,54.22
82,9.13,6,77,8.4,12.83
92,8.75,2,87,8.5,9.1
80,9.23,8,79,6.3,15.07
70,5.54,33,61,6.5,48.4
18,5.58,27,85,5.7,100.0
76,6.43,37,60,5.5,41.91
78,7.28,10,65,5.8,27.75
93,8.81,4,70,6.1,13.25
24,8.67,72,89,4.5,86.5
85,7.98,6,74,6.1,19.16
64,6.16,42,60,4.6,61.67
45,6.96,88,76,4.7,89.81
97,9.73,2,89,7.6,4.96
97,9.91,8,70,6.6,9.24
71,7.23,24,80,4.0,34.28
99,8.98,2,89,7.0,8.09
67,6.76,33,74,6.9,42.01
91,8.64,12,82,6.8,14.82
32,4.71,87,76,6.1,100.0
91,8.71,10,81,8.1,13.02
88,9.74,13,82,8.2,10.16
47,6.22,67,65,4.1,86.99
9,8.58,13,80,8.1,78.89
63,5.71,47,76,4.1,65.76
89,7.66,12,75,6.1,20.88
75,6.41,45,82,6.9,41.68
24,5.07,36,72,5.4,100.0
16,5.93,16,67,7.8,99.47
21,6.08,79,65,7.4,100.0
65,6.96,15,64,5.4,38.53
75,6.82,24,83,4.5,33.73
78,6.32,18,82,6.3,32.56
98,9.58,1,79,8.0,6.04
99,7.73,1,88,6.2,13.09
78,7.39,19,64,4.5,30.12
54,8.58,30,82,7.9,42.97
94,7.85,8,76,6.8,16.78
42,9.39,29,69,6.8,47.21
62,5.97,45,72,6.6,64.06
38,4.81,25,63,8.1,87.69
34,7.72,99,73,5.2,94.99
74,5.79,21,81,6.4,38.38
91,8.14,10,83,7.2,15.81
97,9.9,5,78,8.6,5.8
42,5.18,2,78,7.1,64.81
96,8.53,10,86,8.9,11.45
66,6.58,12,61,4.0,39.39
37,6.11,20,68,7.0,76.03
53,9.14,82,69,8.7,58.87
39,8.92,38,66,5.0,58.88
85,8.58,2,77,6.3,14.7
18,5.38,9,84,6.1,96.72
91,9.54,7,81,6.9,9.65
81,9.58,8,76,6.3,13.47
83,9.3,2,80,8.5,10.03
16,6.02,21,72,4.9,100.0
32,7.96,13,86,6.7,60.26
88,8.08,3,88,6.1,15.08
23,6.75,87,86,4.3,100.0
86,9.26,14,72,6.1,15.9
22,4.83,13,78,5.1,99.92
62,6.5,36,78,5.9,56.32
15,6.67,12,72,8.5,90.36
89,9.71,14,81,8.5,10.28
77,6.38,49,82,6.2,42.57
35,8.07,73,83,5.9,82.63
100,9.07,3,76,9.0,7.99
95,9.61,7,87,6.4,8.4
56,8.94,66,65,7.9,53.97
79,6.24,35,74,5.0,38.84
47,8.54,55,60,7.4,61.69
77,6.35,45,75,4.4,42.43
70,5.61,10,62,6.9,40.35
20,4.61,82,68,8.0,100.0
63,7.39,41,62,6.3,53.11
64,6.91,46,66,6.5,57.09
44,8.72,10,86,5.5,42.23
48,7.8,39,66,5.0,61.21
47,8.68,10,68,7.2,41.27
21,8.38,83,75,4.4,99.03
72,6.55,33,67,4.1,41.52
83,9.11,0,70,8.7,11.28
71,6.56,27,67,5.8,40.23
95,8.52,14,81,6.3,15.6
75,5.62,35,64,6.9,44.66
8,5.17,14,72,6.5,100.0
71,6.91,47,71,4.6,44.14
61,7.29,21,66,6.6,46.19
97,7.93,2,80,8.0,12.56
49,8.93,99,89,6.3,66.52
2,8.97,103,83,6.7,100.0
96,7.92,5,84,7.1,13.9
1,7.51,19,73,4.2,100.0
87,9.43,6,87,9.0,8.33
54,7.63,100,70,4.2,76.93
98,9.98,9,75,7.5,7.88
72,7.33,24,64,4.8,35.11
16,7.31,113,74,6.1,100.0
42,9.06,56,60,4.5,62.4
20,8.85,111,65,5.1,98.25
8,6.09,88,85,8.7,100.0
75,6.4,16,77,6.7,33.46
2,5.91,116,67,8.5,100.0
87,9.83,10,84,8.8,8.34
88,7.66,3,71,8.6,16.91
10,6.86,4,79,4.1,90.54
90,8.44,8,82,7.0,14.5
12,6.83,10,70,7.6,92.31
76,5.62,42,70,4.5,46.22
72,6.79,39,68,6.8,41.45
66,5.87,15,61,5.1,44.19
73,7.01,17,83,5.7,31.72
81,9.4,14,81,6.8,15.21
75,5.73,33,84,5.4,41.79
94,9.0,13,71,7.0,14.2
68,7.04,15,60,4.6,36.65
83,9.25,14,77,6.5,15.94
26,5.6,76,81,4.2,100.0
77,7.48,45,76,4.1,36.82
65,5.68,13,70,7.0,43.45
90,8.71,7,89,8.8,10.8
87,7.89,3,85,6.1,16.6
30,8.76,47,82,7.2,69.5
75,6.28,20,61,6.5,37.38
51,8.93,26,85,5.9,41.96
82,8.37,14,82,8.7,17.98
60,5.61,49,80,4.4,69.54
94,7.98,12,81,6.6,17.11
49,6.07,91,73,7.8,93.17
33,6.38,85,69,8.8,100.0
86,9.04,13,74,6.7,15.89
71,6.45,46,73,6.0,45.95
71,6.47,35,68,6.4,42.77
44,6.95,105,69,4.9,92.54
35,7.74,30,61,6.5,70.29
83,9.07,14,79,8.6,14.82
46,8.33,35,60,8.4,55.77
69,6.93,33,69,6.4,40.84
42,4.74,99,86,7.9,100.0
93,7.98,6,81,8.0,14.35
7,5.85,99,66,4.6,100.0
87,9.99,9,83,7.1,8.84
0,7.03,61,79,6.4,100.0
2,9.33,106,88,7.9,100.0
69,6.57,26,70,4.6,40.77
28,4.98,97,75,7.0,100.0
51,7.4,105,82,8.7,78.06
100,7.77,4,78,8.0,13.5
73,7.1,41,82,4.6,38.84
17,8.96,108,75,8.0,97.38
71,7.21,28,74,6.5,35.92
68,5.9,26,67,5.6,45.34
65,5.78,25,84,5.5,45.73
16,8.92,53,86,6.0,85.21
86,8.77,13,85,8.1,14.56
79,7.22,23,68,5.4,31.22
73,7.46,37,61,4.1,38.32
63,7.42,12,78,5.9,38.77
7,6.72,32,71,7.7,100.0
70,7.35,18,72,6.1,33.2
70,6.58,30,70,6.9,40.57
57,8.15,68,65,7.1,61.46
97,8.07,0,79,7.9,11.6
21,9.35,115,81,6.4,88.23
61,7.49,22,66,6.7,45.18
49,4.58,27,63,5.7,79.86
15,8.47,48,63,5.1,92.34
68,7.11,43,61,6.0,44.89
35,8.01,93,89,6.1,89.04
81,8.35,7,84,7.1,17.31
47,6.47,96,81,8.5,90.27
2,7.47,46,75,8.2,100.0
97,8.39,7,88,8.6,10.93
73,6.33,37,76,4.9,42.19
75,5.8,19,77,4.7,37.93
96,8.54,2,77,7.6,11.1
27,8.19,32,67,7.0,74.04
9,7.93,119,60,8.1,100.0
3,4.87,14,83,6.5,100.0
6,4.88,98,79,8.6,100.0
72,5.65,42,78,4.6,47.63
1,5.3,92,83,6.1,100.0
28,6.24,0,70,7.3,69.38
33,6.76,67,65,4.2,97.2
19,9.21,70,66,8.6,85.04
19,5.09,52,76,5.8,100.0
92,9.18,5,84,7.7,9.26
22,7.06,20,88,8.7,80.76
75,6.57,38,84,6.7,38.61
53,4.86,29,77,7.9,71.54
98,8.39,3,88,6.7,11.06
95,8.36,5,89,9.0,10.31
4,6.76,76,71,6.9,100.0
22,7.87,84,65,7.6,100.0
98,9.53,11,83,6.7,9.88
74,7.38,49,68,4.5,41.07
62,6.16,30,79,7.0,55.08
67,5.83,35,61,5.9,49.93
92,9.24,14,80,7.6,12.39
88,9.48,4,76,7.7,9.58
62,6.66,42,73,5.6,58.36
85,7.94,11,79,8.0,18.67
27,8.81,15,72,8.6,58.75
73,6.59,36,78,6.0,40.32
96,7.67,2,73,9.0,13.79
63,5.56,33,76,6.1,60.6
40,7.99,55,88,4.9,70.79
97,7.75,7,70,6.9,16.83
69,6.23,18,64,6.8,40.09
3,7.91,96,86,5.2,100.0
38,8.84,106,78,6.7,78.04
16,4.54,2,81,7.4,99.72
1,6.73,19,70,6.5,100.0
98,8.85,2,83,8.2,8.4
3,5.2,66,66,5.2,100.0
60,5.72,16,83,5.7,53.45
23,7.96,44,60,7.1,86.61
32,6.38,27,82,4.4,81.85
73,7.36,23,66,4.1,33.83
15,5.35,40,84,6.3,100.0
47,9.14,17,63,8.0,40.62
17,7.35,17,83,5.8,85.05
25,6.5,60,83,6.5,100.0
4,7.85,85,86,9.0,100.0
62,6.62,22,62,5.6,51.3
22,7.42,5,70,7.8,71.82
82,8.67,1,74,8.7,13.48
20,7.35,101,70,6.6,100.0
76,6.78,44,66,6.6,41.16
54,6.99,45,73,8.8,61.77
6,5.05,20,74,5.4,100.0
10,8.45,60,71,4.6,100.0
95,9.25,7,86,8.1,8.56
97,8.43,4,75,7.8,12.02
78,6.51,23,60,5.2,36.07
72,6.38,17,72,5.0,36.81
34,5.29,76,78,5.0,100.0
65,6.2,40,63,5.4,50.62
86,9.82,9,85,6.8,9.81
83,8.9,8,82,6.8,14.78
68,5.92,25,66,4.5,45.02
80,8.88,14,80,6.7,18.15
24,8.96,87,72,5.0,90.67
63,5.53,40,63,5.2,65.53
100,7.94,8,81,8.7,13.19
70,7.26,35,80,6.4,37.8
9,4.99,35,69,6.0,100.0
88,9.98,6,81,6.1,8.72
21,4.57,31,78,6.1,100.0
79,6.43,29,67,5.4,36.95
40,8.47,15,64,8.5,50.69
65,6.45,24,74,4.5,42.96
51,8.55,111,76,5.8,70.47
34,7.09,86,72,7.8,98.5
61,6.84,24,77,6.4,49.41
74,6.5,29,79,6.5,37.52
91,7.89,13,80,6.7,18.55
41,6.48,85,74,8.6,95.29
23,6.93,27,77,7.3,86.74
9,5.98,33,88,8.6,100.0
73,6.98,10,80,6.7,29.49
88,8.36,4,73,8.7,13.91
94,9.46,12,89,6.7,10.24
74,7.16,25,75,5.9,33.83
84,9.13,4,73,7.8,12.46
95,8.34,12,70,8.1,15.58
42,5.89,3,76,7.7,60.51
13,8.29,24,87,7.9,81.9
96,8.03,2,87,8.9,10.73
37,5.34,40,77,6.4,91.52
16,5.45,86,68,6.3,100.0
8,4.67,88,83,6.3,100.0
39,6.19,34,82,4.8,79.2
52,8.67,102,66,6.8,69.04
1,6.75,41,65,7.3,100.0
23,6.41,69,65,7.0,100.0
89,8.78,14,73,6.4,16.78
7,8.63,80,61,7.6,100.0
50,6.51,28,62,7.1,64.34
74,7.17,25,84,5.2,32.7
77,7.16,13,70,6.7,28.61
56,8.07,8,70,8.5,36.57
91,7.58,4,70,7.6,17.51
39,8.54,46,79,6.1,63.93
31,8.43,2,81,5.1,52.21
1,8.72,73,66,8.7,100.0
6,8.78,10,65,5.6,82.45
80,7.62,14,77,6.3,24.72
14,6.5,41,77,5.7,100.0
96,8.04,12,76,8.8,15.24
71,5.65,13,63,6.7,40.45
76,7.46,32,72,6.2,33.72
76,6.23,37,78,6.1,40.63
51,7.98,109,71,7.5,75.18
88,8.31,10,72,7.3,17.19
31,9.47,39,76,6.9,58.77
38,6.89,72,67,4.1,92.42
63,6.91,49,60,5.1,60.24
94,9.38,9,87,7.8,8.94
84,7.64,9,75,8.0,20.35
76,5.66,15,72,4.5,37.36
77,6.73,11,67,6.4,30.61
97,8.36,2,72,7.5,12.28
24,8.26,61,82,6.3,87.35
44,4.79,62,76,5.2,98.55
2,9.19,9,76,8.2,79.19
96,8.9,10,78,8.6,11.28
54,8.97,8,71,6.3,33.33
7,5.94,46,63,5.5,100.0
88,9.97,2,87,8.7,4.73
100,9.49,14,84,7.6,10.03
74,7.36,18,79,4.3,30.19
21,5.26,4,66,6.7,91.8
73,6.89,29,82,6.2,35.96
68,6.91,11,75,6.4,33.97
72,7.03,24,60,5.3,37.1
90,9.8,3,76,8.7,6.69
65,6.49,16,73,6.8,39.73
69,6.53,34,82,4.5,42.01
74,7.29,12,62,6.0,30.72
91,8.66,8,83,7.5,12.85
40,6.49,100,69,6.8,100.0
35,7.02,97,83,4.4,99.75
43,7.78,98,73,7.5,84.07
61,6.35,34,60,5.7,59.5
78,7.43,25,72,4.1,30.82
67,7.07,40,72,6.0,43.45
77,6.64,38,65,6.9,39.28
64,6.42,19,78,5.6,47.68
9,8.53,116,62,6.3,100.0
10,6.18,18,87,6.5,100.0
3,6.82,36,78,7.4,100.0
63,6.77,28,69,5.2,51.36
95,9.16,11,87,7.2,10.73
78,7.12,27,65,4.6,33.79
34,4.69,64,67,8.2,100.0
45,5.76,4,82,8.9,57.62
29,6.91,64,62,7.0,98.63
95,9.68,14,85,6.1,10.79
69,6.73,18,81,6.0,36.09
64,7.13,20,67,5.8,44.95
100,7.51,2,80,8.3,13.37
95,8.99,2,78,7.8,9.17
76,6.86,21,83,4.2,32.03
26,7.53,17,86,6.7,72.29
20,5.99,33,83,6.0,100.0
53,9.19,23,60,8.7,37.9
42,7.25,68,79,8.7,79.74
45,7.48,87,67,4.2,85.78
79,6.22,43,70,5.2,41.91
24,8.9,109,70,4.3,92.69
76,6.65,49,63,6.3,43.97
87,8.46,9,87,7.1,14.95
49,8.25,1,72,5.7,38.15
29,9.09,103,74,6.4,84.51
100,9.59,2,84,6.1,7.12
63,6.74,17,62,6.9,46.74
35,7.83,35,70,4.6,71.07
53,6.24,41,83,7.3,66.64
65,5.86,20,71,5.8,45.29
79,5.67,24,60,6.2,39.71
88,7.76,3,85,7.7,15.53
97,7.78,1,79,8.2,12.73
31,6.68,70,86,5.7,98.97
16,8.9,1,84,5.0,62.33
82,9.04,1,88,6.7,11.69
76,6.05,31,65,5.4,41.27
71,7.42,25,84,4.9,33.12
77,6.19,25,63,6.7,37.86
97,8.45,0,79,6.6,11.19
33,7.75,59,81,4.7,82.51
83,8.24,3,74,6.8,17.2
44,8.81,115,60,5.2,75.67
62,6.63,36,76,5.5,55.68
98,8.94,4,82,7.0,9.81
54,5.99,2,89,4.2,47.65
59,6.72,77,60,7.3,75.04
55,6.5,97,78,4.6,84.41
12,4.62,82,68,4.4,100.0
93,9.49,0,89,6.5,6.63
97,9.81,9,75,8.7,7.64
93,9.13,10,81,8.7,10.41
25,6.27,44,88,8.4,96.4
86,8.29,10,89,8.3,15.16
28,6.58,62,73,4.8,100.0
18,7.0,13,74,6.9,85.25
23,6.64,94,89,6.7,100.0
26,6.13,25,77,5.3,90.55
57,5.21,92,76,7.1,91.86
27,5.73,3,82,7.8,77.06
85,8.32,5,82,7.3,15.36
35,8.39,23,64,8.6,59.34
37,7.25,28,64,5.4,71.69
82,8.32,10,82,6.1,18.96
41,5.22,16,68,5.3,77.3
100,7.93,8,71,8.6,14.51
75,6.17,44,69,4.8,44.83
5,5.69,37,81,6.5,100.0
86,7.93,11,70,6.6,20.6
87,8.71,1,82,8.4,10.94
71,6.22,32,60,5.5,44.36
58,5.69,15,79,5.9,55.37
43,8.0,36,67,6.3,62.37
85,9.04,0,75,7.1,11.7
48,8.23,31,81,8.9,50.32
5,7.11,15,62,4.4,100.0
69,5.71,32,62,5.7,48.1
86,9.76,0,72,6.0,9.45
73,6.56,40,80,4.6,41.5
42,7.11,115,89,4.2,90.72
57,5.96,117,73,6.1,87.34
40,8.46,44,72,8.8,61.68
67,6.38,34,62,5.5,46.51
85,7.91,4,71,6.6,18.75
83,9.38,0,71,7.1,11.22
85,8.27,6,71,6.5,17.9
63,7.23,34,66,5.9,51.16
90,8.92,3,87,8.3,9.37
75,7.3,49,60,6.2,41.74
59,9.48,9,77,4.1,26.28
32,8.7,25,69,6.2,61.62
61,5.65,15,82,5.8,52.67
14,7.36,113,75,8.4,100.0
85,8.54,4,79,7.1,14.65
58,5.72,32,64,7.8,63.71
97,9.68,4,87,8.8,5.06
30,8.84,117,70,5.6,87.24
92,8.22,13,89,7.6,15.16
74,5.73,10,80,5.0,35.73
69,5.59,17,78,5.2,42.15
35,7.78,35,84,6.3,69.54
44,6.2,86,84,5.2,95.78
96,7.54,2,89,7.5,13.53
79,6.57,10,72,4.6,29.75
22,9.15,23,72,4.3,65.95
30,7.93,30,66,4.7,73.49
62,6.4,26,80,6.7,51.84
87,7.83,9,78,6.5,19.21
61,7.45,28,81,5.7,46.81
3,5.26,26,78,4.3,100.0
69,5.9,13,79,5.0,39.18
25,6.61,72,70,6.4,100.0
87,8.85,4,77,8.6,11.75
88,8.95,14,85,7.4,14.12
68,5.86,21,81,4.8,42.29
36,5.84,97,67,5.9,100.0
89,8.9,8,83,8.8,11.32
63,7.3,42,80,5.6,52.23
45,8.32,6,61,5.1,45.4
94,7.69,12,79,6.9,18.23
68,6.69,47,67,6.7,47.13
9,7.73,3,75,7.6,82.21
84,9.65,5,86,7.0,9.58
72,7.39,43,78,5.4,39.03
81,9.91,3,86,7.0,8.64
88,8.89,14,73,7.4,15.84
89,9.64,8,70,6.6,11.51
79,5.84,37,81,5.2,40.54
97,7.63,5,76,8.2,14.9
42,8.24,50,68,7.2,66.05
76,6.71,31,62,6.9,37.74
67,7.25,15,61,6.2,35.87
92,8.18,5,71,6.2,16.06
70,5.85,39,67,6.7,47.69
84,8.97,7,74,8.4,13.55
90,7.59,8,75,7.0,18.91
36,8.35,11,72,8.5,52.34
32,9.04,106,68,7.3,82.14
77,6.28,48,82,4.5,42.87
95,9.21,9,74,8.4,10.57
98,8.11,13,88,7.5,14.56
59,8.92,32,86,8.8,36.26
81,8.43,5,80,6.0,17.61
88,7.97,8,70,8.8,17.11
21,6.01,65,75,7.8,100.0
55,4.51,64,74,7.8,88.24
97,8.81,1,82,6.0,10.24
60,5.66,31,62,6.9,62.8
71,7.33,16,69,5.0,32.57
86,9.56,13,81,7.1,12.43
90,8.48,0,80,6.8,12.31
79,5.51,29,67,5.1,41.31
84,8.0,0,80,7.4,15.71
72,6.36,35,84,5.4,41.1
55,8.87,65,63,4.2,56.82
68,6.78,15,74,4.4,36.39
85,7.93,4,89,6.8,16.32
93,9.49,12,89,7.4,9.73
98,8.1,1,86,8.7,10.14
12,5.97,49,70,5.9,100.0
65,7.43,36,63,6.2,42.45
30,9.25,88,76,6.1,80.81
35,7.92,66,60,7.0,83.37
71,6.31,14,74,6.5,36.21
72,6.1,19,69,6.2,39.09
84,8.49,3,79,6.5,15.39
72,5.64,15,79,6.7,38.59
65,6.27,24,63,6.2,45.14
16,7.87,23,69,5.2,85.82
64,7.18,14,71,4.7,41.4
36,7.41,14,78,8.1,61.28
86,8.92,13,87,7.1,14.47
83,9.61,0,88,7.3,8.03
71,7.08,20,79,5.3,33.92
47,8.19,13,63,6.5,47.62
22,4.65,38,85,6.0,100.0
16,9.27,59,62,7.4,84.97
57,8.93,17,70,8.0,34.17
72,7.31,40,79,6.8,37.76
77,5.73,42,81,5.3,43.75
62,6.75,24,74,5.7,49.93
0,5.06,54,83,7.9,100.0
86,8.52,10,82,7.6,15.53
73,5.72,40,63,5.9,47.81
53,8.68,114,69,4.1,68.45
97,9.03,6,81,6.1,11.04
79,6.53,34,82,5.5,36.21
47,5.07,90,84,7.5,100.0
94,8.34,7,78,6.0,14.93
61,5.5,20,69,5.5,57.68
93,9.34,10,77,6.1,12.11
31,8.16,96,73,4.8,93.53
24,9.41,109,64,8.3,84.96
58,5.85,47,66,7.3,69.51
80,7.74,13,73,7.3,23.54
96,9.1,11,73,8.0,11.93
75,6.72,44,72,5.9,41.78
60,6.31,15,81,6.9,48.66
58,7.65,38,72,4.9,52.92
65,6.44,26,84,5.7,42.44
57,6.18,44,87,5.6,65.29
51,5.77,84,72,5.3,92.64
50,6.92,53,68,6.5,71.81
83,8.23,11,71,7.8,19.27
62,7.41,45,81,6.5,52.95
54,8.8,90,84,8.5,62.68
21,6.97,80,86,8.9,100.0
91,7.94,12,85,8.7,15.85
94,8.49,10,71,7.8,14.65
56,4.53,104,63,4.1,100.0
97,9.67,13,80,7.6,9.74
61,7.3,32,74,5.0,50.39
76,6.9,26,74,5.5,34.47
85,9.89,1,77,7.2,7.91
90,9.96,6,87,6.3,7.6
10,8.7,10,74,5.8,77.53
77,6.13,37,75,5.0,40.98
53,7.92,65,81,5.4,64.51
24,4.78,104,62,6.9,100.0
80,9.31,13,81,7.8,14.89
73,6.98,20,71,5.9,34.23
8,9.14,102,63,5.2,100.0
15,8.73,35,77,5.2,82.4
64,7.11,34,61,5.5,51.82
19,4.76,92,72,7.2,100.0
84,7.96,12,82,6.6,20.09
97,8.79,10,82,8.4,11.24
90,8.59,9,81,8.6,13.01
92,9.52,10,88,6.6,9.9
74,5.81,49,64,6.9,48.67
50,7.03,31,65,8.6,60.19
16,6.27,40,75,5.6,100.0
89,9.4,1,88,8.6,6.62
82,7.73,11,71,8.9,21.06
18,9.04,51,73,5.6,82.38
22,8.02,25,70,5.8,78.44
5,6.31,8,81,8.4,100.0
83,7.61,12,79,6.3,22.68
66,5.79,48,82,4.1,52.38
97,8.96,0,86,8.0,7.34
68,7.43,37,75,6.9,38.93
97,9.86,3,75,8.3,5.95
68,5.52,26,81,4.2,45.65
73,6.32,25,80,6.4,37.76
61,6.52,30,75,5.8,54.79
51,4.84,89,74,4.1,100.0
65,6.94,18,62,5.8,39.81
68,7.21,14,69,6.2,34.18
72,7.11,49,67,5.0,43.64
34,5.95,57,83,7.5,95.9
93,9.73,2,70,8.1,7.32
5,6.73,101,64,5.3,100.0
76,6.52,36,82,4.6,38.51
66,7.3,24,70,5.7,38.11
94,8.07,14,81,9.0,15.45
90,9.39,4,71,8.0,9.89
86,8.08,4,84,7.6,15.35
21,6.24,19,70,6.9,92.45
65,7.19,22,67,5.8,39.08
49,7.91,21,72,5.8,51.09
20,8.6,60,71,4.2,89.06
90,7.68,6,74,8.9,16.52
95,9.49,6,71,8.2,9.08
71,6.88,35,62,4.7,41.68
37,7.61,16,68,4.8,62.51
33,6.38,72,73,5.0,100.0
61,6.53,16,81,4.1,47.59
43,5.17,64,78,7.1,96.3
93,7.7,4,84,8.4,14.18
97,9.93,14,84,7.4,8.72
38,7.6,54,86,6.5,75.76
74,6.98,19,82,4.9,32.05
91,9.36,2,88,6.9,8.01
81,9.84,10,78,6.7,12.31
98,8.3,9,89,7.1,12.84
95,8.24,11,87,6.9,14.59
33,7.6,44,66,8.4,77.64
38,4.96,27,71,7.3,87.15
95,9.26,14,80,8.0,11.49
86,7.59,3,79,7.1,18.11
99,9.54,13,72,6.3,12.07
86,8.23,9,84,7.0,16.73
55,8.85,26,81,7.3,39.07
99,8.33,0,77,7.8,10.63
84,9.15,9,77,7.5,13.66
70,7.07,31,81,4.3,37.75
10,8.9,104,85,5.9,100.0
46,8.09,67,78,4.9,70.18
45,7.13,107,77,6.9,88.24
45,7.27,51,84,4.4,71.23
69,6.94,19,84,5.7,34.95
73,6.01,43,79,4.1,45.35
82,8.93,3,81,6.4,13.9
19,6.02,64,75,4.3,100.0
89,9.76,13,89,8.3,8.9
93,8.81,4,82,6.1,11.75
98,9.91,0,87,8.6,3.1
97,9.11,2,79,7.9,8.28
56,8.75,30,87,5.8,41.05
59,6.78,111,78,4.2,78.5
25,8.23,50,83,6.1,82.14
88,9.3,12,79,6.5,13.45
30,5.88,55,67,6.6,100.0
0,5.34,101,61,7.5,100.0
10,6.55,62,75,7.9,100.0
29,6.37,111,74,8.7,100.0
68,6.09,30,64,6.5,45.55
85,8.99,5,85,6.4,12.76
2,5.67,101,89,4.7,100.0
79,7.49,11,67,6.4,26.01
53,5.01,11,74,4.9,62.91
36,7.67,18,77,8.6,60.82
89,7.93,5,72,8.5,16.0
26,6.67,42,82,6.0,93.18
75,6.94,28,78,4.9,34.98
85,9.94,9,75,7.4,10.27
5,9.17,74,67,5.0,100.0
50,5.49,87,80,4.3,96.3
4,5.24,92,75,4.5,100.0
61,7.27,22,77,5.3,45.93
34,9.29,0,89,7.1,39.04
80,9.38,14,86,7.9,14.19
50,5.69,49,85,8.4,76.2
62,6.21,37,71,5.6,59.59
81,7.93,4,72,6.2,20.43
94,9.76,10,77,7.8,8.96
94,7.73,2,82,6.6,14.77
70,6.61,19,76,4.8,36.99
45,5.63,9,62,7.0,65.87
36,6.96,88,61,5.2,100.0
65,6.35,48,81,5.7,50.11
82,8.05,9,80,8.3,18.46
83,8.75,9,80,8.0,15.12
82,8.23,0,89,9.0,13.16
39,8.78,110,60,5.8,80.5
45,6.31,14,66,4.6,64.11
40,6.68,56,71,5.3,85.0
19,7.01,26,79,5.2,90.98
87,8.62,9,87,6.7,14.55
84,8.9,4,89,6.1,12.97
92,8.42,12,86,7.3,14.62
89,8.24,10,72,8.3,16.42
37,5.91,63,64,7.0,98.11
86,8.53,0,87,7.8,11.55
82,7.86,12,80,6.4,21.75
93,9.51,5,70,6.8,10.19
97,8.73,11,89,7.0,12.01
91,8.16,13,74,6.8,18.09
45,8.16,98,65,8.0,79.17
11,7.48,72,71,6.2,100.0
74,6.78,48,63,5.6,44.33
62,6.04,15,64,4.7,51.51
96,7.61,9,70,8.8,16.72
26,4.88,92,61,4.8,100.0
36,5.59,59,85,5.6,98.64
38,8.68,17,61,5.7,53.9
21,6.18,27,87,5.3,95.93
24,7.0,70,80,7.9,100.0
61,5.88,28,71,6.3,58.49
100,8.74,2,85,8.9,7.81
18,5.05,19,65,7.0,100.0
97,7.66,2,79,8.0,13.63
2,8.92,75,85,7.1,100.0
70,5.83,36,82,4.2,45.68
95,8.62,7,83,7.9,11.51
31,5.98,114,67,5.9,100.0
13,5.18,107,64,5.4,100.0
89,8.2,9,83,9.0,14.44
5,6.53,18,89,8.8,100.0
76,6.89,27,71,4.4,35.22
17,8.4,79,63,6.3,100.0
79,6.58,49,82,5.6,40.64
100,7.66,13,79,6.4,17.83
47,5.2,47,79,7.6,83.67
20,4.6,18,73,5.8,100.0
89,8.28,12,80,7.0,16.92
2,6.06,77,79,5.7,100.0
82,9.73,3,71,7.0,10.97
81,8.64,5,70,8.6,15.85
99,7.71,7,73,6.8,16.35
60,6.71,12,72,4.7,46.32
57,8.56,56,66,7.0,53.52
74,6.89,17,75,6.6,32.28
55,7.65,4,64,5.4,40.6
77,6.98,22,62,6.8,33.14
71,6.9,27,79,6.5,36.62
9,5.45,10,61,8.8,100.0
83,9.28,11,86,7.9,12.67
79,7.29,32,74,6.6,32.52
88,8.12,11,82,6.4,17.88
72,6.48,26,64,5.5,40.07
84,8.42,1,75,7.1,15.0
79,7.04,30,61,6.5,34.69
79,6.78,14,73,4.3,29.89
95,9.7,11,78,8.4,8.79
63,7.35,13,68,5.7,40.86
34,4.89,17,73,4.5,87.7
80,9.33,7,72,8.5,13.39
94,8.3,12,89,6.5,14.93
95,8.18,8,81,6.7,14.76
38,8.7,91,85,5.8,79.29
83,9.44,6,72,8.0,12.01
17,8.43,75,84,4.4,98.82
71,6.66,44,84,5.1,42.96
92,7.55,14,72,8.5,19.5
26,9.25,47,77,4.2,69.59
69,7.35,15,66,4.8,33.67
91,8.89,3,74,6.5,12.23
68,6.78,32,75,5.4,41.55
57,4.75,45,77,5.0,77.19
75,6.03,43,61,6.6,45.76
59,4.56,93,66,8.0,95.15
24,7.34,17,60,5.0,79.87
93,7.68,3,81,6.1,16.06
34,6.74,22,84,9.0,71.5
79,7.26,20,72,6.3,29.4
69,6.92,40,80,4.3,42.05
62,5.93,38,62,5.5,63.0
84,8.38,14,87,8.9,16.43
99,9.63,12,77,8.3,9.2
24,4.59,109,65,4.3,100.0
66,7.41,33,67,6.4,40.42
9,6.49,116,86,8.9,100.0
100,9.7,5,87,6.4,7.06
82,8.84,13,89,7.1,15.94
24,8.9,71,85,4.5,83.82
59,5.43,38,64,7.7,67.51
85,7.86,12,80,7.8,19.4
74,5.65,35,74,5.2,44.64
59,7.9,7,81,5.7,35.69
5,8.44,49,65,5.0,100.0
8,4.73,70,73,5.3,100.0
47,7.21,59,87,8.3,70.92
6,5.09,16,86,7.6,100.0
68,5.52,45,61,6.2,53.79
83,8.99,11,88,7.5,14.09
86,8.5,10,82,8.1,15.15
82,9.04,3,86,8.2,11.42
82,8.39,12,70,7.1,19.99
98,8.09,5,81,6.3,13.91
79,5.95,25,73,5.4,37.27
21,5.14,18,84,4.8,100.0
61,6.01,36,69,5.9,61.62
1,9.29,39,85,5.0,92.65
80,9.18,5,81,8.7,12.23
93,8.17,4,84,6.4,13.87
73,7.2,39,68,6.5,39.05
47,7.26,86,62,8.0,84.48
35,5.38,33,71,7.3,90.17
26,6.78,12,85,8.6,74.74
75,5.61,31,84,6.4,41.49
97,8.48,13,71,9.0,14.18
87,7.63,3,78,7.1,17.76
96,8.07,9,76,7.4,15.33
55,7.26,77,84,6.0,72.49
74,6.78,35,78,7.0,37.73
18,4.81,95,88,5.5,100.0
64,6.85,16,68,5.4,44.77
43,8.16,34,89,5.2,57.84
36,5.28,103,67,7.8,100.0
96,7.8,9,85,7.0,15.6
90,9.45,13,78,7.1,12.32
74,6.75,42,74,6.0,41.28
33,7.67,46,69,6.9,78.62
72,7.31,20,81,5.4,31.94
100,7.8,4,76,6.9,14.53
20,5.03,75,67,5.9,100.0
99,9.79,7,84,8.8,5.81
76,6.03,40,76,4.5,42.88
46,6.95,57,69,8.1,75.61
33,5.15,71,78,7.9,100.0
74,6.92,39,64,4.3,40.73
69,6.74,47,63,5.2,47.25
48,8.53,12,86,4.7,41.41
92,8.83,1,73,7.1,11.27
96,8.3,3,71,7.0,13.53
46,4.55,43,60,5.8,91.53
68,6.3,37,80,4.9,45.04
14,4.82,102,62,6.7,100.0
47,7.91,34,84,4.9,56.97
49,5.24,38,88,4.9,77.25
85,7.93,10,74,8.1,18.98
46,7.49,98,70,7.5,84.31
84,9.05,8,77,6.6,14.58
71,6.79,30,78,6.2,38.52
87,9.92,4,78,7.7,7.67
10,9.45,66,88,7.7,88.19
48,6.05,6,76,5.5,57.17
81,8.12,9,74,8.1,19.38
86,9.59,5,75,8.0,9.79
63,6.75,11,84,5.8,41.78
38,8.01,92,73,7.3,86.98
71,7.41,46,67,4.3,41.73
19,4.65,117,82,4.7,100.0
95,9.27,14,89,8.0,10.38
87,8.53,9,74,6.2,16.86
82,8.05,13,81,8.3,19.56
47,6.28,99,60,8.9,94.1
79,7.24,23,68,4.2,31.13
80,9.8,1,82,8.0,8.52
59,6.99,104,65,4.7,78.38
67,6.28,22,80,4.3,41.19
95,7.82,12,73,7.6,17.59
64,6.47,33,84,4.9,52.89
67,6.66,45,74,6.7,46.44
84,7.78,7,70,7.3,20.25
28,8.76,97,78,8.4,87.34
81,7.74,5,76,8.7,19.12
88,7.7,7,78,6.0,19.21
83,9.22,1,89,8.4,9.06
60,6.36,10,80,4.4,46.53
43,9.21,29,65,4.5,49.28
37,8.13,84,72,4.3,85.55
55,8.05,11,61,4.7,41.98
23,8.99,22,89,4.8,64.19
55,5.03,48,76,8.4,76.72
85,9.18,12,82,8.4,12.88
97,9.1,6,89,8.9,7.56
34,5.96,39,84,8.6,86.59
55,7.34,69,69,5.4,70.55
45,4.89,96,77,8.6,100.0
46,5.54,110,86,4.6,100.0
2,7.33,27,66,4.6,100.0
60,6.96,49,70,5.7,61.11
92,7.85,5,88,6.4,15.25
2,9.45,100,70,4.2,100.0
40,6.32,98,79,5.8,100.0
49,7.84,81,89,5.1,73.81
30,7.57,53,66,4.5,86.8
96,8.95,8,81,8.6,10.13
26,7.9,28,66,4.7,77.07
28,5.46,21,63,7.7,92.15
3,5.82,60,63,4.8,100.0
59,9.47,92,68,4.9,56.26
81,8.23,6,87,6.3,17.82
70,5.9,18,63,6.2,41.82
81,9.58,1,81,7.3,9.93
86,9.98,7,74,7.6,9.11
87,8.79,14,79,7.9,15.38
5,7.65,117,62,7.4,100.0
68,6.88,43,66,6.9,44.81
5,4.94,65,65,4.4,100.0
62,7.45,31,70,4.4,48.66
100,7.83,7,77,8.5,13.94
66,6.84,16,83,6.2,36.4
79,5.84,15,69,5.3,35.13
69,7.28,14,81,6.2,31.8
49,8.8,52,77,5.1,55.62
80,7.64,8,81,7.0,21.78
82,9.23,11,82,6.7,14.65
58,8.94,95,71,4.4,61.95
56,8.4,75,62,5.8,64.02
76,7.42,48,61,5.2,40.35
72,6.9,25,76,6.3,35.91
68,5.56,34,70,6.9,48.57
26,5.78,82,72,5.7,100.0
62,6.76,12,72,5.5,44.46
12,6.91,39,64,6.5,100.0
92,8.31,12,74,8.8,15.3
57,5.27,70,83,6.9,82.66
74,7.39,12,74,6.8,28.13
0,7.81,100,66,4.3,100.0
53,7.8,52,85,7.8,58.51
72,6.05,27,60,6.9,42.36
15,4.92,21,78,5.3,100.0
51,8.63,109,67,8.0,69.13
75,5.63,36,78,5.7,43.96
72,7.18,29,75,6.6,35.64
63,6.39,26,60,4.0,54.07
11,8.04,37,84,6.9,93.91
39,8.92,11,74,8.5,44.65
100,8.44,11,86,6.4,13.62
81,7.91,3,86,7.5,17.49
15,6.35,28,60,6.3,100.0
87,7.88,13,71,6.7,20.87
90,9.75,6,82,6.6,8.81
65,5.56,13,64,6.4,45.32
100,7.96,6,77,8.0,13.57
69,6.89,29,71,5.1,39.89
98,8.43,10,87,8.9,11.4
33,5.71,81,70,7.0,100.0
63,7.31,24,84,5.7,44.19
29,6.84,99,78,7.5,100.0
100,9.49,13,71,8.4,10.63
44,8.37,45,71,8.4,59.78
12,5.81,61,81,6.6,100.0
39,5.08,97,87,4.7,100.0
62,7.13,48,63,5.9,58.66
99,8.85,12,82,6.7,12.75
74,7.3,13,79,5.1,28.93
87,8.08,8,70,8.5,17.13
79,7.19,28,74,6.4,31.83
62,6.85,42,69,4.7,57.55
62,7.37,41,82,6.5,51.47
87,8.2,1,70,7.5,15.27
61,6.04,16,65,5.3,52.67
94,7.98,2,79,7.5,13.47
62,7.32,28,63,4.8,49.1
90,9.84,12,85,7.9,8.88
52,7.03,47,86,8.2,63.03
44,7.76,102,70,4.7,84.91
27,7.47,46,81,5.4,86.28
62,6.42,40,72,4.9,59.32
33,5.98,51,80,4.3,95.7
79,6.26,21,70,4.6,34.89
43,5.99,108,66,6.7,100.0
7,4.79,43,77,7.5,100.0
20,6.16,65,73,7.5,100.0
47,7.66,48,82,4.9,65.05
91,8.92,10,71,8.0,13.41
28,8.37,52,80,6.5,78.4
89,8.86,1,84,8.1,9.76
58,6.93,75,62,8.2,72.56
85,8.41,9,75,8.2,16.34
98,8.88,2,73,7.4,10.13
93,8.78,9,78,6.2,13.87
17,8.66,75,77,5.2,96.88
66,7.13,40,81,6.1,42.6
82,9.47,13,88,8.5,12.03
94,7.89,6,72,8.8,14.86
77,5.56,10,75,5.0,35.36
62,7.05,43,71,6.0,56.25
58,7.03,12,66,8.7,44.33
72,6.98,10,78,5.9,30.87
28,8.34,116,79,4.3,94.07
22,6.28,119,78,7.5,100.0
72,7.21,16,60,5.0,33.74
6,5.8,1,76,5.8,100.0
100,8.84,2,80,7.0,9.58
88,7.68,2,70,6.3,18.47
20,8.56,63,76,7.6,88.94
73,6.0,16,67,6.4,38.1
93,8.95,1,86,6.6,9.45
4,5.59,29,84,8.2,100.0
97,8.61,0,73,8.7,9.64
75,6.78,14,68,5.4,32.6
99,9.16,3,88,8.7,6.48
69,5.84,33,71,5.7,46.67
51,5.02,104,65,6.6,100.0
98,9.77,7,82,6.7,7.88
62,7.27,14,84,6.1,40.61
16,8.72,38,81,7.9,80.63
83,9.79,12,82,8.5,10.68
79,7.14,48,80,4.6,37.91
30,5.12,109,75,8.1,100.0
91,9.97,3,71,8.6,6.44
19,9.34,105,79,6.9,90.4
77,5.88,21,69,5.5,37.94
93,7.7,13,79,7.9,17.93
82,9.54,1,81,8.9,8.52
3,8.91,53,68,6.1,100.0
28,5.62,89,71,8.8,100.0
51,8.99,13,82,7.1,35.58
96,9.69,0,78,8.7,5.07
62,6.95,30,71,6.0,51.56
44,6.49,6,69,5.2,58.71
93,9.71,12,78,6.0,11.26
92,9.08,4,89,8.1,8.53
90,9.19,9,84,7.8,10.87
84,9.29,3,71,8.8,10.85
71,6.31,11,81,6.2,34.72
49,5.68,87,70,4.5,97.0
65,6.31,42,65,4.3,50.42
94,7.9,1,85,8.0,12.34
70,5.51,32,82,5.9,46.08
41,8.36,77,77,5.3,76.15
21,4.97,73,85,6.3,100.0
76,6.1,45,61,5.7,45.87
22,7.86,82,88,7.9,100.0
60,5.53,44,84,6.5,67.14
89,8.12,6,70,9.0,15.37
64,6.59,36,72,5.3,54.84
50,6.79,107,82,7.4,85.29
46,5.47,10,69,7.8,65.16
2,7.58,36,82,8.6,100.0
71,6.09,16,74,6.2,38.25
99,9.77,2,83,6.3,6.44
76,7.38,37,78,4.6,35.06
70,6.66,32,61,6.9,41.86
44,7.42,91,81,6.6,86.27
6,8.57,49,69,8.3,99.75
70,6.9,30,67,4.9,39.99
36,4.61,42,79,6.7,99.38
62,7.02,32,62,5.1,52.98
87,9.79,3,75,6.0,9.66
91,8.38,1,74,8.0,12.52
72,5.94,32,72,4.4,43.72
67,5.53,46,61,6.4,54.6
65,5.95,14,79,6.5,41.52
48,5.52,34,72,4.4,76.22
87,9.32,12,76,6.2,14.21
96,8.45,6,83,6.0,13.21
17,7.54,28,70,5.2,90.24
47,8.98,32,73,8.7,46.23
59,4.58,3,79,6.6,53.69
57,9.22,79,86,7.7,52.82
72,6.3,13,64,5.7,36.94
89,9.43,2,88,6.8,8.23
95,7.84,13,81,7.2,17.19
64,5.51,39,77,6.9,61.94
0,7.87,80,62,4.6,100.0
91,7.73,14,85,6.1,19.38
90,8.79,11,75,8.0,14.07
15,6.73,14,86,8.5,89.24
66,7.37,21,76,4.3,36.07
98,7.91,2,83,8.5,11.67
84,8.82,5,87,8.5,11.9
0,4.68,66,76,4.7,100.0
20,5.93,107,63,7.3,100.0
95,8.52,1,81,7.8,10.38
10,6.24,109,61,6.1,100.0
38,7.62,90,66,5.9,92.68
78,6.59,27,80,6.2,34.31
63,5.81,23,73,4.7,54.93
97,9.3,8,70,6.5,11.68
13,5.98,103,62,7.2,100.0
36,9.21,8,78,6.6,44.51
72,7.27,26,71,5.9,35.22
27,5.13,32,79,5.4,100.0
90,9.01,4,85,8.1,9.62
48,7.86,49,87,4.9,62.28
70,5.7,49,68,5.4,52.04
70,7.1,13,63,5.2,34.13
17,4.74,35,69,7.5,100.0
21,5.42,47,64,6.6,100.0
31,6.18,6,70,8.5,72.28
45,9.49,116,67,7.9,64.8
94,9.22,0,77,7.6,8.17
73,6.58,22,81,5.7,35.67
42,6.13,93,61,4.9,100.0
54,4.84,46,65,6.1,81.33
84,8.82,2,76,7.7,13.03
85,9.36,12,75,8.4,12.89
64,7.24,25,68,4.5,46.25
9,6.32,5,75,7.8,96.55
33,7.02,3,71,4.9,63.22
81,9.28,11,71,8.8,14.35
22,6.91,46,79,4.7,97.73
90,9.48,0,76,8.5,7.2
99,9.64,11,82,8.4,8.18
60,5.78,47,74,6.7,67.7
32,5.25,93,68,6.0,100.0
94,8.81,6,73,6.1,13.28
35,8.26,59,64,7.8,76.07
74,5.96,25,83,5.3,38.89
76,5.59,40,70,6.6,45.22
48,7.68,59,60,7.9,69.6
74,7.31,39,81,4.7,36.75
81,7.92,10,76,8.2,20.28
16,7.4,9,84,8.2,79.37
87,8.54,1,76,7.9,12.82
54,6.06,17,72,8.5,56.28
73,6.59,36,73,5.1,40.95
89,9.56,9,80,6.2,11.3
85,9.91,3,72,6.1,9.93
16,5.91,84,68,4.4,100.0
7,5.88,39,75,7.7,100.0
16,9.36,4,76,7.2,60.14
76,6.7,44,72,5.0,41.3
66,6.32,43,83,5.7,47.82
64,5.56,13,74,4.2,50.62
32,5.65,78,73,8.6,100.0
81,7.65,6,76,8.2,20.31
61,6.33,36,60,4.0,60.51
93,8.27,11,72,8.2,15.6
50,8.04,107,77,7.9,74.46
76,5.8,47,83,5.7,45.33
93,8.86,0,81,8.9,8.25
97,8.3,3,85,8.7,10.28
86,9.03,7,86,7.8,11.73
81,8.5,13,76,6.7,19.72
63,6.42,44,76,6.6,59.15
61,6.18,41,73,5.5,62.09
3,6.61,106,81,8.5,100.0
16,9.12,81,62,8.4,94.22
13,8.78,18,68,8.2,76.09
3,7.85,87,68,4.4,100.0
14,5.19,27,69,5.8,100.0
84,9.28,12,85,8.8,12.11
61,5.94,45,83,4.7,64.28
90,8.73,1,78,8.4,10.47
62,6.28,46,71,5.7,62.87
92,8.13,6,85,7.0,14.29
66,6.72,45,69,4.8,47.92
92,8.2,12,78,7.9,16.0
90,7.58,14,78,7.6,19.92
81,7.61,9,80,7.0,21.85
49,9.49,115,62,5.0,63.85
4,5.39,91,67,5.2,100.0
95,9.78,11,71,6.7,10.66
93,7.89,13,72,9.0,17.14
71,6.27,33,60,5.4,44.43
6,6.07,65,67,5.6,100.0
61,6.86,25,81,6.5,49.12
3,7.83,98,68,7.4,100.0
71,5.9,49,71,5.8,49.98
48,8.36,26,71,5.1,50.63
15,7.06,8,89,4.8,84.21
69,7.35,17,62,4.0,34.79
25,5.48,22,82,6.1,95.21
90,8.99,13,76,8.6,13.2
67,5.59,21,62,6.0,46.74
83,8.34,14,86,6.4,19.06
4,6.9,50,61,4.7,100.0
69,7.44,38,64,4.6,40.62
97,8.64,3,89,6.6,10.23
69,5.71,21,69,6.2,43.74
65,5.98,17,82,5.0,42.4
15,9.02,110,74,7.8,99.12
87,9.74,4,78,7.4,8.68
93,7.89,6,85,7.4,14.68
91,8.87,7,85,6.8,12.05
70,6.26,45,74,5.8,47.15
28,7.35,5,81,7.7,64.66
1,9.09,4,69,5.1,81.41
0,7.12,55,81,8.0,100.0
46,6.75,4,87,8.6,49.37
66,6.77,48,62,5.4,49.42
70,6.22,43,60,6.6,47.93
13,8.96,68,61,6.4,96.52
76,7.3,49,61,4.4,41.24
46,6.46,70,88,6.7,83.9
62,7.23,17,75,6.5,43.09
28,4.52,36,79,8.4,100.0
76,5.75,31,73,4.9,41.8
35,7.82,37,74,5.0,71.48
65,6.57,25,79,6.9,41.29
80,9.59,0,85,6.3,10.23
62,7.17,36,63,4.2,53.51
53,9.36,94,73,5.9,61.05
92,9.15,6,87,8.1,9.08
66,6.74,14,63,5.3,38.91