attendance,cgpa,fee_delay,participation,assignments,risk_score
51,9.51,106,7.8,20,72.33
74,4.59,116,6.0,23,48.92
2,0.21,1,7.2,29,95.59
20,6.17,57,5.2,88,79.23
48,5.25,41,0.5,59,70.79
46,6.18,107,5.1,63,72.72
2,8.6,6,1.7,38,77.07
89,0.98,83,2.4,59,46.7
70,6.1,7,0.3,77,25.92
3,3.12,5,2.1,3,95.58
53,0.31,17,7.8,33,77.98
94,9.22,71,5.7,61,20.45
39,8.45,108,2.7,52,81.58
59,5.43,40,3.0,44,67.95
64,0.16,8,7.7,7,50.62
32,6.06,105,3.6,40,91.22
27,8.63,71,4.5,32,80.26
87,6.66,43,6.4,90,20.55
34,4.72,100,9.7,2,91.29
13,4.94,8,7.1,89,82.63
41,4.39,50,0.3,51,85.4
100,2.49,108,5.4,28,42.46
35,9.43,70,2.9,85,71.82
61,6.33,5,4.6,43,36.73
83,8.93,74,3.2,91,27.36
0,2.28,61,0.0,76,100.0
2,0.07,71,5.3,61,100.0
43,2.44,58,3.2,95,77.5
87,7.03,112,0.6,57,31.83
55,0.37,112,9.8,91,82.23
53,0.33,95,9.1,18,89.4
89,9.86,31,5.9,54,22.45
74,3.7,16,7.3,23,36.82
85,5.36,111,8.0,72,36.41
58,1.87,92,8.6,58,81.01
18,3.49,70,1.7,32,93.52
39,3.87,81,8.4,10,84.31
22,5.41,41,2.6,15,86.66
89,9.82,115,5.3,1,37.81
8,2.79,18,7.3,2,95.13
19,8.87,119,8.9,74,87.27
88,6.64,92,2.8,81,36.79
65,6.92,79,9.9,99,30.99
20,1.79,119,6.5,6,100.0
66,6.58,32,5.4,58,29.33
29,9.73,108,4.9,7,83.22
26,4.34,20,5.0,27,84.97
60,4.99,3,0.2,48,39.75
16,9.95,29,9.5,5,76.63
52,5.72,59,8.5,62,70.78
84,1.91,32,3.2,17,42.01
57,9.3,45,1.0,31,64.18
46,9.9,65,2.5,1,75.55
8,7.02,47,5.5,41,86.21
25,8.1,24,6.1,59,73.75
44,1.94,7,7.0,15,88.93
13,8.9,86,0.3,97,84.9
85,3.28,57,5.4,21,36.37
57,8.6,48,0.4,69,63.31
100,5.22,52,2.7,4,24.97
67,8.42,95,5.3,46,37.71
15,9.76,105,3.2,16,92.55
62,4.34,57,0.8,100,46.91
0,1.73,0,4.4,95,87.81
47,1.83,108,2.8,15,99.89
68,6.12,118,0.5,25,52.79
15,1.59,85,0.1,77,100.0
99,1.73,93,6.5,9,43.59
68,8.87,51,3.7,18,39.15
68,6.84,15,0.7,1,37.55
91,5.86,90,8.0,11,40.49
32,8.11,42,9.4,66,65.67
64,9.61,73,2.1,28,37.62
7,3.85,73,0.2,33,100.0
6,1.18,116,3.5,74,100.0
20,9.68,35,1.8,72,75.53
23,8.07,48,7.3,35,82.39
23,8.67,95,8.6,54,80.09
12,7.4,98,1.0,16,96.42
88,3.2,58,1.0,99,42.06
11,9.59,18,0.9,70,76.43
51,5.73,110,0.8,68,80.69
98,6.02,51,6.7,99,23.7
75,6.88,57,6.2,6,38.55
45,7.01,41,4.0,26,70.87
36,2.33,7,3.7,64,77.64
85,8.13,70,9.9,3,34.72
18,7.77,53,7.1,73,75.6
89,3.3,66,2.5,91,37.67
71,1.18,104,7.4,2,58.8
76,2.38,120,3.7,24,53.76
5,8.02,44,9.7,60,83.83
46,8.91,117,9.2,100,71.96
56,5.23,104,2.2,14,79.24
30,9.96,53,5.8,15,76.23
73,9.5,71,3.9,23,35.18
27,3.36,91,6.5,7,98.93
91,3.6,99,9.9,62,30.12
16,2.8,116,8.1,91,94.51
34,8.23,81,4.2,68,75.28
46,9.19,9,9.3,4,62.0
64,4.8,110,1.5,84,48.1
25,3.81,85,8.3,48,89.59
98,1.34,20,0.6,5,39.13
91,8.13,94,7.5,2,37.49
36,7.57,82,2.5,77,77.95
72,1.29,50,2.7,3,53.0
31,0.47,94,1.1,25,97.79
33,4.76,2,5.2,11,75.54
22,7.55,84,6.4,74,89.62
50,9.03,63,0.1,37,74.97
78,4.37,62,7.3,37,41.93
96,7.84,29,6.2,50,20.28
9,9.27,73,7.7,83,83.15
87,0.46,5,4.9,76,31.76
74,0.76,120,4.6,79,48.87
94,4.0,15,6.4,3,30.69
66,5.15,31,1.7,50,37.93
18,8.22,81,2.8,60,85.36
4,4.61,89,8.9,48,96.61
77,3.3,26,0.4,46,35.75
93,1.57,47,0.6,25,39.9
35,8.06,112,6.0,51,80.19
85,2.36,27,3.7,87,26.85
1,7.47,13,1.5,6,92.81
17,4.47,98,4.0,63,96.22
88,7.37,27,0.2,56,19.33
12,5.94,67,3.6,17,94.89
99,5.37,33,5.6,39,19.85
40,3.37,51,6.5,97,74.39
58,3.56,108,3.3,32,82.51
93,1.87,61,8.1,23,30.38
54,8.42,2,5.2,39,58.18
74,8.66,5,9.8,93,18.65
50,8.21,65,5.6,7,76.06
4,1.87,117,7.1,83,100.0
96,7.36,11,1.1,89,13.64
10,9.32,76,5.3,32,87.83
5,3.37,9,5.5,9,91.9
100,0.03,8,6.0,23,33.12
37,4.12,93,1.1,68,87.82
8,2.05,98,0.7,39,100.0
63,5.74,63,7.8,10,42.94
29,8.25,36,8.1,77,70.86
25,9.08,88,8.8,88,74.09
13,9.0,37,5.4,62,83.52
14,5.77,16,9.0,65,81.24
50,5.43,69,9.4,6,76.98
50,3.35,63,1.7,28,86.72
26,7.89,37,7.5,100,69.22
26,7.44,67,5.7,9,89.65
37,5.36,46,8.5,87,71.46
51,3.97,28,5.4,28,75.08
1,0.12,114,6.9,35,100.0
25,2.52,68,8.3,73,83.93
22,4.62,45,6.1,89,78.62
12,1.39,81,6.1,59,97.39
67,7.9,36,7.1,91,27.41
30,6.07,117,0.8,77,85.84
20,1.66,35,1.2,56,91.35
0,8.7,54,2.3,14,91.39
8,2.06,56,0.0,40,100.0
34,3.98,24,8.6,37,73.47
33,9.18,42,0.3,50,69.05
53,1.76,70,1.7,87,81.7
21,2.2,113,6.6,70,95.71
80,9.61,48,5.6,85,28.4
12,3.97,50,2.1,82,90.09
61,2.05,28,6.2,92,48.06
17,2.94,114,4.5,65,96.5
91,4.81,93,5.6,62,33.48
54,9.46,31,2.7,82,54.73
33,4.09,86,9.8,31,89.68
64,5.52,66,2.3,58,46.92
71,1.04,110,5.7,50,50.95
33,8.05,87,7.2,45,81.14
15,3.97,36,1.4,13,95.49
6,6.33,32,2.1,18,90.66
18,5.83,59,7.0,0,89.02
1,3.63,118,2.7,4,100.0
36,4.09,93,3.6,52,88.2
85,7.8,80,8.7,58,27.71
86,8.0,80,4.8,80,27.82
24,2.58,117,6.5,3,97.91
25,5.26,108,6.9,36,92.97
37,0.67,36,6.5,75,78.72
86,1.07,85,1.4,56,48.34
97,6.01,120,4.9,9,36.23
44,8.38,84,3.8,45,73.6
35,7.71,28,3.9,39,72.78
10,3.56,112,7.2,98,96.4
23,9.37,68,4.8,35,81.88
19,1.62,115,0.5,61,100.0
72,0.75,16,4.1,60,47.35
42,5.98,24,2.5,2,75.37
58,9.17,60,7.9,56,58.03
54,5.21,11,5.4,87,62.6
80,6.59,117,6.4,71,41.93
24,9.03,11,2.2,25,74.62
31,7.06,70,10.0,25,78.78
84,4.73,6,0.3,6,34.23
58,9.44,81,7.5,38,63.98
98,3.19,105,6.4,13,36.55
59,4.81,2,7.0,39,63.23
89,7.25,107,5.7,3,36.4
81,5.2,108,6.2,65,42.88
54,4.62,33,0.2,12,77.25
98,0.7,45,3.5,61,33.54
92,0.38,107,6.3,55,43.21
29,4.18,102,5.2,64,85.33
93,0.03,44,3.5,29,41.4
36,0.42,64,9.1,78,87.44
72,1.09,120,6.8,11,60.61
38,8.79,45,6.0,61,63.37
76,9.89,70,9.9,58,29.18
53,6.08,108,1.2,97,73.9
56,2.2,112,9.6,5,88.45
86,8.84,98,6.0,60,32.9
34,7.58,61,10.0,2,76.83
88,5.93,13,8.6,10,27.09
55,2.66,91,4.8,66,81.21
4,7.35,97,4.1,78,96.45
37,2.6,4,0.5,17,80.25
80,0.62,44,4.8,92,38.43
57,5.71,39,6.8,90,62.61
87,7.97,39,2.5,58,25.62
58,1.6,12,8.4,88,61.72
4,8.81,57,4.7,30,90.56
22,0.05,31,3.4,29,99.75
11,0.06,95,0.8,26,100.0
16,1.16,97,6.3,87,97.52
82,7.61,73,4.3,97,27.55
62,3.92,78,9.3,92,40.44
99,0.68,90,1.7,11,47.12
21,7.09,117,3.5,89,94.33
51,7.58,6,0.7,32,62.02
5,3.72,31,7.7,57,92.44
98,4.51,38,5.3,28,26.99
28,2.98,31,0.8,77,81.54
66,9.51,107,0.3,92,36.92
20,9.1,100,6.4,5,88.07
0,3.21,37,2.3,60,100.0
34,0.31,24,7.1,17,87.18
71,1.59,88,8.7,52,51.87
7,7.71,45,5.3,70,80.7
52,9.12,2,1.9,14,62.28
24,0.01,70,1.3,83,91.66
59,0.64,117,3.3,1,92.02
87,4.33,63,4.6,71,38.13
81,4.8,94,7.2,10,42.29
44,7.57,101,9.1,10,76.76
16,1.03,45,1.4,79,93.75
53,6.18,19,3.5,39,63.36
76,0.83,76,0.8,21,53.15
65,9.77,89,6.9,14,38.23
48,9.52,60,7.1,5,67.98
8,9.36,102,6.1,40,93.02
49,6.25,83,3.4,6,81.78
74,8.95,3,6.0,21,30.38
40,1.64,13,0.8,11,82.1
86,6.5,24,8.7,18,27.32
54,0.44,43,5.6,17,80.05
82,2.28,95,5.4,58,40.91
34,2.21,53,0.3,96,85.17
6,4.63,93,9.6,57,95.04
3,7.35,19,5.0,49,89.12
48,5.14,104,4.4,97,80.06
33,7.93,38,2.8,57,72.77
11,3.84,17,6.3,14,92.62
99,9.09,86,6.3,13,23.57
77,5.13,36,8.5,40,33.87
13,5.15,88,6.6,69,90.74
16,3.91,120,4.0,34,98.7
39,5.99,35,9.7,46,74.75
30,2.36,66,4.4,79,80.29
93,1.46,4,2.5,42,31.14
75,7.07,63,3.6,27,36.1
43,4.46,110,8.7,60,89.11
19,2.7,1,1.2,36,86.61
58,3.16,112,5.8,11,82.28
19,9.87,87,6.9,97,71.98
42,4.89,43,5.3,22,79.43
44,1.44,49,2.0,7,86.1
4,9.63,46,6.9,54,87.73
89,3.74,29,5.0,16,33.27
75,1.13,88,6.9,32,51.04
0,2.16,79,8.3,47,100.0
91,1.59,63,0.5,72,38.76
32,4.07,47,7.5,76,76.35
97,4.04,109,9.3,18,37.19
69,9.01,12,8.0,82,19.57
53,6.49,84,3.2,75,74.51
70,5.63,18,3.9,88,32.38
34,2.27,89,5.9,71,95.2
77,6.19,45,5.0,84,29.0
69,9.14,92,3.4,11,45.05
4,3.99,36,2.5,99,93.62
69,7.47,107,9.6,20,44.95
22,4.31,79,6.5,14,93.99
14,1.97,12,3.5,33,91.32
77,4.86,111,5.2,26,47.25
7,3.11,35,7.2,1,99.49
48,9.77,89,1.2,74,67.59
62,1.07,41,1.9,55,51.2
35,4.25,117,8.1,0,95.68
46,9.51,118,6.4,20,70.95
85,5.94,25,2.1,9,30.28
41,9.0,79,5.6,90,65.36
36,3.02,23,8.2,59,79.3
18,6.24,96,4.2,68,91.63
46,2.35,107,8.6,20,93.02
31,6.38,72,3.9,56,86.41
24,9.88,34,6.0,17,70.53
38,7.25,74,9.9,59,67.91
45,1.04,89,3.4,31,90.08
100,8.94,2,4.0,96,5.21
69,3.55,67,4.4,59,44.5
71,6.51,117,2.3,57,41.06
2,1.9,1,9.9,1,89.55
21,5.62,35,9.6,92,73.67
30,7.55,54,5.4,61,79.45
11,3.48,11,9.8,2,88.74
15,3.83,22,4.0,4,94.09
64,8.42,20,0.9,21,37.1
81,7.88,31,1.3,15,26.58
13,1.18,22,2.6,65,92.36
84,3.46,120,5.5,74,41.48
25,6.01,54,1.6,21,89.37
42,5.75,59,8.5,11,76.78
87,5.32,77,8.1,79,33.31
6,3.05,72,3.2,34,100.0
81,9.57,81,6.4,24,28.26
65,1.33,53,3.1,94,52.48
53,8.29,51,5.0,40,64.82
5,1.46,116,1.2,20,100.0
31,1.22,91,3.1,77,94.6
19,4.4,59,8.5,31,90.77
59,3.65,30,0.6,82,63.3
33,4.6,1,4.8,49,74.25
72,4.3,8,1.4,72,31.29
27,3.03,114,1.8,15,100.0
39,8.14,102,2.2,92,73.98
51,6.56,37,4.3,62,64.83
98,3.68,91,4.8,70,36.77
100,3.87,4,0.1,1,27.01
78,5.82,86,1.4,38,38.52
4,2.15,84,8.3,84,98.58
59,6.46,20,8.4,54,57.62
25,1.27,33,3.2,81,79.55
51,8.6,41,7.9,12,64.52
63,7.87,8,9.4,1,27.51
9,9.3,59,7.8,27,83.38
74,4.95,7,9.0,71,27.35
86,5.18,82,1.1,43,37.62
64,4.43,7,0.4,86,33.49
23,1.05,16,9.6,20,88.7
57,4.62,99,3.5,14,78.58
4,6.6,95,0.7,9,97.66
37,0.83,111,9.7,94,87.04
72,3.82,49,0.1,35,45.89
67,7.75,40,9.6,61,28.52
35,2.93,103,1.1,12,99.15
52,9.2,15,8.1,97,50.61
39,5.99,72,3.7,58,76.1
77,4.39,88,1.6,29,46.7
50,8.87,119,9.9,31,76.1
93,8.61,112,2.6,46,34.34
20,9.78,45,7.3,6,76.5
22,6.56,74,3.2,21,90.58
26,9.65,78,5.1,87,72.5
43,7.33,42,7.6,96,58.19
18,1.52,29,8.7,24,91.7
100,1.6,105,5.6,71,40.14
64,2.78,98,4.0,97,45.86
88,5.55,45,6.2,26,27.39
8,5.54,85,8.5,57,97.58
53,8.33,77,2.0,33,74.06
15,1.49,118,4.7,82,100.0
100,1.25,110,4.5,19,42.82
25,3.92,84,0.0,20,98.53
73,6.2,3,1.8,44,30.44
3,5.1,2,0.6,79,83.04
57,5.61,3,0.5,23,69.1
30,0.23,18,5.0,82,84.82
21,6.95,75,7.8,30,86.24
44,1.47,54,7.4,96,80.98
17,3.71,112,6.0,46,96.06
3,4.96,46,1.2,69,98.69
46,8.4,74,7.4,89,62.24
60,9.8,2,0.3,93,25.3
69,5.18,108,7.8,18,47.69
68,8.42,36,4.8,20,28.78
73,9.37,99,1.3,3,42.61
99,7.66,53,2.3,59,21.47
56,7.51,23,4.7,84,54.55
34,2.76,13,2.5,79,74.3
15,7.59,105,8.4,69,87.66
55,0.47,81,9.1,56,79.07
20,5.32,32,7.7,69,80.15
14,8.82,20,0.5,13,82.77
56,4.94,20,2.6,2,68.91
48,4.64,88,9.5,11,83.3
60,1.14,49,7.2,70,48.88
23,1.15,97,4.0,42,100.0
40,7.92,48,5.4,69,70.41
73,1.66,1,6.6,56,33.77
65,0.98,15,4.1,38,43.06
39,1.12,58,4.6,63,85.53
62,4.97,31,2.6,19,48.36
85,0.18,103,8.8,85,44.76
91,2.55,104,5.6,27,43.87
71,2.82,41,5.0,5,43.35
38,6.57,88,4.0,42,82.1
23,3.57,40,5.8,84,77.9
71,7.98,46,2.0,81,31.34
11,1.66,79,8.6,2,100.0
26,2.77,39,5.1,91,80.32
100,7.33,47,1.5,3,24.79
93,6.15,117,8.6,8,38.37
15,9.88,108,9.8,20,92.03
29,6.35,3,10.0,94,62.71
68,5.6,96,0.3,19,51.64
33,2.1,4,9.7,91,73.41
49,1.11,59,3.1,10,87.94
65,8.22,107,3.1,87,44.0
91,5.25,111,7.1,89,32.68
61,7.19,34,1.4,40,36.22
74,6.51,47,5.8,16,38.06
68,8.06,93,9.8,34,37.98
27,6.82,69,8.6,0,83.23
71,0.73,62,3.4,57,42.68
62,0.69,56,3.0,45,53.5
13,9.04,16,7.7,98,72.4
90,5.6,90,3.9,45,36.39
37,2.27,116,5.5,34,98.98
83,0.18,39,7.4,25,40.81
86,1.27,120,2.9,50,51.93
27,0.18,70,6.2,72,95.34
18,8.73,13,2.2,52,72.36
29,0.46,32,4.7,88,84.96
13,5.98,98,2.3,77,95.89
40,9.89,54,5.3,61,71.7
47,0.35,34,2.7,49,87.58
47,8.31,66,4.9,72,70.06
60,0.33,34,8.3,87,43.04
53,4.35,46,1.4,18,77.57
25,1.65,21,6.1,50,89.85
50,2.37,70,1.3,3,86.5
21,7.87,66,6.5,65,79.34
0,2.69,37,0.7,24,97.17
81,3.62,11,6.0,26,31.07
64,4.5,108,4.8,39,50.02
13,6.11,108,4.7,48,95.37
45,0.49,7,0.4,96,75.04
89,4.63,116,5.7,61,37.61
8,8.17,48,6.2,87,80.11
20,3.45,38,5.7,38,93.85
18,4.51,45,1.7,39,89.7
18,4.11,71,6.7,11,91.29
89,9.55,68,0.0,90,25.14
45,0.51,108,8.3,48,95.82
65,6.65,32,4.6,81,34.54
100,1.21,27,5.5,96,19.26
40,9.42,62,6.5,73,64.22
65,8.88,76,0.1,81,35.34
69,1.21,1,5.3,2,42.88
15,9.91,1,0.1,11,77.04
44,3.99,100,1.2,48,81.17
94,4.67,23,6.5,27,29.0
35,6.73,118,5.4,29,86.88
59,2.26,31,8.2,27,76.27
22,3.19,47,0.1,56,91.49
99,3.93,23,3.7,55,25.04
36,8.9,64,9.5,18,70.96
28,5.17,17,6.4,42,81.03
10,3.11,37,8.5,7,93.39
33,8.42,55,9.9,64,70.29
44,3.84,26,2.1,63,75.32
90,1.6,49,3.1,14,37.41
36,9.56,100,4.7,5,81.72
67,9.95,72,9.8,76,25.02
16,3.86,111,7.7,68,97.07
36,4.78,12,5.4,85,71.81
2,3.02,31,7.1,84,89.29
45,6.77,20,9.7,67,65.54
23,10.0,12,6.3,10,66.83
99,4.02,16,7.3,81,21.36
18,2.01,84,1.5,4,100.0
16,7.11,117,2.3,63,98.67
53,5.33,11,0.4,10,75.63
91,0.58,55,2.8,45,40.3
51,8.64,54,3.8,74,65.53
32,5.63,22,3.9,74,72.62
80,8.66,77,4.6,91,28.85
50,6.02,110,5.7,34,80.12
44,4.39,112,3.0,71,84.17
18,3.12,66,4.5,12,99.77
21,6.88,42,8.7,9,85.21
41,6.33,20,3.6,65,72.23
29,9.57,46,9.9,7,71.46
25,8.28,70,0.0,66,83.27
0,0.69,12,7.5,4,100.0
59,6.59,0,8.5,65,53.85
33,0.78,3,4.1,74,76.97
98,5.49,13,8.1,44,16.27
33,7.95,15,4.8,65,68.61
65,7.1,55,3.0,33,42.62
77,1.52,54,9.1,92,34.77
52,8.42,16,6.4,52,63.2
30,8.89,22,8.7,73,63.93
9,8.21,53,0.7,31,81.46
52,8.04,21,5.6,3,70.97
76,9.17,7,2.7,30,22.08
97,7.22,104,7.5,78,24.73
56,0.0,92,0.5,95,86.5
87,8.39,40,3.4,43,24.7
63,3.16,10,8.3,18,44.09
67,7.89,14,9.4,82,23.84
48,3.77,55,9.6,36,77.92
88,7.04,9,1.4,84,18.9
20,8.76,100,9.7,10,87.9
93,2.69,83,7.8,11,40.81
36,0.48,100,5.0,27,97.42
17,6.34,98,3.7,70,93.86
12,4.17,12,4.2,1,92.73
74,7.3,85,2.2,86,31.73
44,0.36,8,1.4,6,85.5
69,6.45,20,6.8,53,28.59
53,5.79,20,2.9,98,64.33
53,5.16,43,1.0,73,71.03
45,2.42,101,3.4,85,85.39
34,4.93,110,3.3,11,93.84
53,2.67,28,4.6,99,67.48
64,3.12,27,2.7,80,38.19
91,9.76,26,5.8,41,18.45
33,1.82,6,0.2,24,86.69
32,7.39,6,3.5,11,74.36
50,0.24,74,8.3,86,80.52
88,2.91,44,4.0,3,39.77
28,2.47,27,4.7,86,82.26
43,0.58,89,9.9,4,98.87
74,9.63,27,7.8,16,27.29
58,7.26,70,1.4,25,70.3
82,1.47,52,5.3,67,41.2
94,6.74,106,8.1,46,30.77
59,5.39,30,7.1,25,67.52
4,4.97,104,4.5,53,96.24
97,2.42,60,9.5,45,29.1
68,6.21,61,8.1,81,30.06
94,0.44,93,8.6,7,46.34
43,8.98,107,8.4,74,73.48
27,6.59,40,2.0,98,75.98
47,4.07,58,9.8,75,70.74
18,1.76,101,6.2,25,98.08
5,1.9,114,7.3,97,100.0
79,9.77,118,3.9,7,44.71
93,7.18,110,2.3,42,32.07
87,7.64,92,5.0,8,37.49
36,0.09,100,3.8,27,100.0
87,8.08,103,8.5,71,24.98
47,0.95,100,2.5,92,92.8
9,9.01,53,4.0,26,85.54
33,9.93,31,5.1,70,61.36
93,9.18,112,4.4,89,20.68
77,6.22,44,2.5,83,24.44
64,2.4,57,8.8,19,53.48
86,5.06,74,7.5,4,36.91
92,4.31,10,5.6,20,28.74
98,3.26,114,2.8,59,41.82
25,8.93,20,7.6,22,72.43
83,4.98,115,2.0,7,46.59
45,2.07,120,3.6,14,92.33
98,5.07,66,1.0,26,31.12
97,7.74,23,6.5,66,17.34
33,8.76,86,0.5,22,82.58
52,7.66,56,5.9,59,67.83
53,3.62,56,9.7,6,79.84
85,7.29,91,3.1,35,35.28
40,8.48,86,6.1,29,80.57
26,2.71,56,3.7,46,86.89
99,9.85,119,7.6,53,29.72
58,4.14,41,7.1,58,70.36
33,7.81,8,2.7,95,60.11
24,1.3,100,1.0,64,100.0
62,5.09,35,9.7,87,32.56
38,4.62,0,1.2,38,73.13
56,2.74,40,2.0,12,80.05
2,1.19,48,7.3,46,97.33
54,5.49,80,3.8,14,71.11
67,3.84,82,7.8,34,47.6
77,7.04,13,8.4,3,28.88
5,5.46,48,5.4,64,98.7
68,7.18,5,1.2,63,30.15
88,1.57,67,6.3,1,43.15
21,6.73,100,0.7,77,92.37
15,9.82,50,0.1,79,83.96
71,0.52,112,0.2,52,55.42
16,9.35,4,7.3,77,64.29
68,0.68,58,3.6,49,55.48
68,0.72,93,3.7,67,51.39
32,6.42,53,7.3,86,72.38
53,6.01,19,2.8,81,58.5
62,4.32,56,0.1,61,41.73
5,5.48,27,4.0,68,87.27
81,7.05,40,2.0,48,25.16
9,5.17,34,2.7,23,90.11
73,6.9,25,6.0,38,29.95
19,5.99,83,0.9,65,87.8
29,6.42,21,9.7,78,64.64
95,6.1,104,5.3,58,38.61
1,8.66,64,1.2,88,89.08
21,6.25,29,6.8,27,82.32
64,0.15,67,9.4,8,57.17
35,7.26,45,1.9,31,77.24
5,9.77,16,5.0,26,77.92
84,9.15,27,8.6,3,22.93
92,5.13,26,0.1,91,27.79
41,7.01,108,0.9,22,89.95
95,9.12,62,3.6,68,16.79
61,6.07,74,5.9,93,33.63
47,3.33,81,8.1,18,78.01
45,3.97,101,7.4,90,79.1
7,0.68,105,4.3,5,100.0
59,3.68,53,8.6,81,69.86
55,7.87,1,6.3,59,55.6
36,7.84,17,8.2,21,73.29
10,5.99,76,3.0,6,97.78
67,2.1,0,7.6,77,32.08
37,6.55,0,9.2,84,63.88
70,7.21,46,6.9,34,31.01
67,2.89,67,9.2,26,55.77
20,7.43,51,8.7,54,82.77
45,9.14,95,7.9,48,74.09
96,3.19,60,3.9,34,34.1
38,1.94,117,7.9,86,89.54
66,4.15,85,3.0,36,50.14
86,1.79,45,3.8,22,45.15
84,7.19,5,7.9,93,13.92
21,5.41,29,0.2,31,85.04
9,6.35,114,2.2,72,98.32
27,3.11,38,0.6,18,93.83
23,6.16,8,4.2,61,72.96
96,5.41,73,4.1,64,26.63
12,8.71,33,0.2,76,76.24
47,6.06,63,9.3,38,74.03
70,1.14,25,9.0,6,42.45
57,5.08,52,7.8,61,74.85
31,7.15,15,0.1,27,72.91
72,5.36,64,4.7,85,35.47
50,2.86,70,4.5,82,80.5
18,8.55,44,4.8,10,82.45
17,9.02,47,2.1,7,82.52
21,4.79,110,5.4,35,96.73
48,0.74,65,5.1,78,84.86
19,9.97,105,3.2,82,82.91
39,0.69,61,3.7,59,86.62
74,6.57,106,9.3,29,43.86
48,3.73,30,8.0,60,67.03
78,0.49,35,7.7,57,41.73
38,6.77,115,1.4,100,83.28
82,6.2,28,3.9,91,24.3
28,1.59,15,7.6,2,87.12
20,6.54,35,8.5,85,73.04
60,7.16,53,3.9,58,42.06
56,2.42,58,8.6,93,70.11
78,5.58,89,7.0,11,45.2
89,4.51,61,8.0,61,26.7
37,7.48,60,3.2,44,79.06
95,1.91,109,2.2,99,40.62
95,7.61,69,7.9,100,20.02
83,3.68,27,2.2,36,33.64
4,6.3,45,6.7,5,94.97
88,8.98,58,5.1,28,31.48
17,8.45,74,8.1,37,81.63
47,8.27,11,3.3,30,66.12
66,9.98,34,5.7,15,34.22
12,1.3,115,8.9,20,100.0
47,3.12,85,0.1,77,86.9
23,6.24,95,3.1,54,90.63
98,9.38,68,8.6,9,25.41
82,5.81,60,6.4,18,40.79
42,5.79,47,6.0,23,74.79
10,9.29,54,6.2,62,82.6
24,5.04,31,4.5,17,87.48
26,6.78,81,1.1,74,83.94
40,6.44,88,6.5,73,72.94
21,1.56,63,8.1,64,93.12
85,5.8,80,8.4,13,34.01
49,0.19,111,0.2,58,95.86
19,9.61,2,6.4,89,66.93
93,8.82,65,5.7,65,21.36
71,0.95,42,0.5,7,53.8
28,4.23,29,9.2,83,72.0
44,9.76,55,2.0,52,69.6
86,2.87,72,10.0,83,35.12
94,9.73,7,9.4,93,2.23
19,3.48,52,9.8,48,89.78
28,0.85,10,7.9,70,82.2
57,2.29,19,0.6,87,63.51
10,3.26,7,2.2,55,87.04
59,8.27,27,3.6,12,61.82
63,0.76,87,1.5,86,54.83
21,4.85,118,7.1,45,94.42
9,5.06,109,3.1,43,100.0
59,4.88,16,4.4,94,62.24
52,4.19,8,1.9,88,63.02
47,5.47,75,7.8,14,79.38
31,8.9,19,0.2,84,64.48
81,4.71,72,4.9,43,41.45
98,8.0,15,3.3,67,17.67
58,7.62,61,9.0,80,60.44
76,5.79,89,8.7,53,41.95
3,9.7,71,3.7,31,87.94
91,1.65,66,2.2,97,33.65
79,2.86,37,9.7,71,36.07
31,7.98,2,8.9,75,61.75
48,7.29,92,8.0,61,72.93
83,2.5,21,7.5,44,27.64
41,7.93,19,3.8,80,63.21
14,2.0,23,4.9,90,83.15
22,2.91,7,9.2,58,82.16
1,7.6,16,7.0,12,90.05
95,3.76,109,8.3,12,44.12
54,6.47,82,6.2,72,72.01
51,5.1,94,1.2,51,82.42
8,8.39,0,8.0,74,71.86
97,2.16,31,0.5,96,27.22
7,2.81,61,7.0,41,98.04
61,0.56,102,1.3,16,65.32
84,5.66,22,9.3,85,16.75
49,3.18,108,8.3,53,82.6
10,2.93,20,9.6,62,85.23
82,6.37,16,6.5,55,26.62
36,8.85,67,3.5,48,73.23
42,3.4,12,0.1,31,71.77
59,9.9,57,2.8,55,62.04
27,2.61,81,9.9,96,87.15
26,0.92,15,7.1,30,86.59
87,3.41,108,4.5,33,40.74
82,9.04,4,1.1,26,25.03
79,7.84,34,2.1,52,30.14
86,8.85,83,7.6,3,29.04
86,2.99,111,2.7,88,42.26
20,4.3,48,8.2,84,82.33
61,4.86,115,2.9,14,59.56
87,1.17,4,3.6,46,36.83
86,6.59,17,1.1,98,26.05
66,4.11,9,3.3,71,37.11
74,8.01,4,1.0,52,22.5
92,2.26,58,5.9,64,33.14
59,6.17,10,5.3,75,58.34
71,2.96,60,2.5,91,41.91
93,2.6,94,7.8,55,36.36
51,0.27,0,4.6,39,74.87
100,6.14,64,1.4,53,27.14
21,4.77,108,7.9,61,93.49
46,0.52,117,2.1,16,96.84
44,8.41,109,1.8,71,79.85
60,5.76,26,7.8,30,39.71
5,6.79,57,6.8,88,84.96
33,0.33,4,3.1,5,89.4
17,3.32,120,7.1,12,100.0
6,4.18,118,5.1,62,100.0
80,6.48,19,5.5,31,29.5
47,0.47,23,6.1,16,86.5
69,6.76,13,2.8,78,27.11
67,5.56,79,8.3,61,39.02
95,8.79,30,1.0,7,21.36
23,9.69,30,9.6,44,63.8
56,2.86,29,7.5,17,70.99
68,7.81,38,7.3,42,32.54
93,5.4,109,1.1,92,36.21
22,5.0,105,8.4,39,87.58
73,5.73,111,8.8,62,42.83
66,8.28,42,9.8,3,31.48
82,3.46,85,8.2,34,39.21
21,1.32,21,7.8,10,95.62
8,6.04,86,4.6,17,97.49
72,1.81,82,8.9,68,46.38
29,7.76,97,1.7,24,82.12
73,8.98,120,6.9,93,37.59
97,0.77,74,0.2,20,48.78
85,9.75,118,2.6,63,31.88
98,0.29,89,9.5,56,38.24
46,2.48,41,5.9,76,74.58
89,2.75,26,5.7,71,28.45
6,1.32,118,5.5,11,100.0
62,2.24,119,2.6,7,62.54
68,0.9,35,4.5,92,37.07
22,2.11,73,6.6,51,96.0
36,7.28,14,3.9,45,65.52
20,8.05,26,9.1,28,77.26
19,7.34,62,3.6,21,86.94
53,0.35,44,3.4,33,81.78
12,2.47,117,2.6,21,100.0
72,2.3,18,6.5,78,31.37
56,1.41,31,8.2,81,69.82
74,3.6,57,0.3,43,42.48
33,0.3,8,1.6,6,93.07
84,8.66,82,9.9,31,27.02
65,4.34,9,4.3,59,35.4
15,2.02,116,4.3,87,100.0
0,1.29,84,7.8,25,100.0
80,8.9,91,2.0,46,34.73
91,7.81,70,2.5,23,28.22
74,9.79,42,9.6,66,22.08
11,1.52,26,5.9,65,93.51
96,6.25,104,6.5,46,31.88
36,6.5,108,6.1,83,78.68
79,3.41,89,5.9,11,47.96
39,1.26,89,0.1,95,90.03
38,6.31,64,6.7,35,79.2
23,4.93,1,6.6,77,77.71
100,5.77,102,5.0,9,34.1
77,8.4,87,3.4,57,31.0
35,9.91,21,5.3,79,61.19
60,9.0,88,3.1,44,43.35
66,2.54,108,2.7,58,54.71
68,6.62,103,1.3,94,41.82
80,6.65,13,1.3,45,26.86
31,8.13,16,8.3,43,66.46
86,7.29,77,1.2,96,28.93
30,3.23,91,2.5,53,92.51
24,3.84,65,6.1,90,86.99
88,3.9,0,3.1,86,22.25
53,8.74,98,8.9,66,68.3
64,3.2,52,3.1,80,46.49
7,3.15,50,3.6,59,95.25
34,6.67,107,6.9,19,88.66
18,7.3,44,7.8,12,84.88
59,7.67,91,4.4,52,67.45
71,1.26,41,5.2,25,48.69
22,5.86,27,7.7,55,81.62
77,0.48,41,8.2,37,49.58
97,4.98,63,4.0,41,26.43
46,3.65,10,9.1,67,67.66
24,7.0,101,5.6,42,88.49
52,3.16,120,9.8,53,85.17
56,9.67,3,4.0,48,50.54
91,9.35,86,7.9,27,29.86
56,3.78,53,4.7,96,64.49
29,4.99,66,4.5,29,86.79
92,8.73,109,8.8,50,25.66
37,4.55,88,9.4,21,92.31
80,9.55,40,1.8,56,28.75
90,3.38,0,1.6,59,31.46
33,0.38,3,2.1,89,77.58
7,3.45,82,3.0,42,100.0
26,5.93,120,4.0,28,94.42
58,3.72,36,0.8,47,71.53
45,7.55,38,5.0,29,69.81
11,8.29,17,3.1,70,74.98
0,3.23,89,9.7,5,100.0
94,9.96,29,6.7,32,7.98
73,8.1,117,6.2,38,39.83
61,3.52,1,6.4,43,40.69
53,1.27,6,9.0,37,70.43
58,1.97,10,8.3,81,59.86
67,3.53,92,0.7,65,51.07
24,4.45,84,4.1,15,97.65
94,5.41,27,4.2,50,27.14
44,8.2,68,6.0,41,77.71
52,5.23,73,5.4,14,79.28
28,3.87,5,3.9,37,77.85
76,9.52,66,3.8,83,25.77
66,0.71,86,5.2,66,52.54
8,5.58,76,1.1,70,94.62
100,4.51,9,9.5,71,11.47
55,4.52,49,1.7,80,71.65
77,2.46,120,0.6,5,59.86
68,9.49,17,9.3,42,21.75
59,1.7,91,6.4,26,83.21
31,4.9,103,6.5,91,81.32
97,0.41,25,6.0,79,26.83
23,3.15,93,4.9,68,94.91
44,4.75,62,7.8,76,76.62
54,7.82,34,3.2,25,66.2
43,4.9,64,4.1,85,75.05
22,0.17,18,3.3,54,93.22
32,8.33,51,8.7,48,69.68
36,6.92,97,6.5,39,75.73
86,5.69,21,1.4,34,32.28
59,9.94,71,1.6,85,64.02
42,7.01,95,3.6,17,79.32
86,2.44,20,4.7,22,31.68
87,7.42,39,2.5,6,27.87
49,0.43,90,2.6,8,91.85
20,7.35,111,1.3,48,97.07
86,3.17,117,4.2,16,46.02
57,0.06,5,9.1,37,73.43
5,0.24,13,1.0,2,100.0
23,0.31,63,5.5,87,88.13
34,8.97,99,2.8,48,81.1
88,3.16,92,8.1,82,38.85
24,7.5,114,2.6,41,89.18
54,3.85,88,5.6,5,80.53
20,4.26,95,8.3,38,96.53
17,2.83,115,3.6,94,99.99
14,3.87,39,6.7,8,89.57
14,1.54,51,7.1,4,96.59
19,8.08,110,6.8,12,91.0
66,0.49,109,0.6,93,55.12
10,2.21,41,8.6,12,93.33
72,7.6,1,6.8,59,25.53
22,6.2,63,6.5,22,82.08
68,7.66,88,1.5,19,40.45
54,1.31,1,9.7,91,64.35
57,1.47,74,6.5,63,73.58
68,2.32,58,0.1,61,47.64
67,7.95,107,9.0,54,40.33
13,1.83,101,6.4,29,100.0
50,2.49,91,6.0,82,79.42
41,5.46,44,8.6,26,73.23
5,6.9,86,8.5,24,97.85
54,5.01,23,2.3,97,63.24
47,3.29,55,2.4,58,78.13
71,8.71,111,3.1,58,37.65
67,6.25,2,1.7,6,36.73
26,9.59,79,8.5,43,78.93
41,5.49,49,4.0,36,75.88
58,6.04,98,7.9,47,74.47
61,4.02,13,6.7,60,39.63
30,1.42,23,1.4,81,86.11
78,0.71,26,6.8,35,39.81
7,6.95,61,9.4,97,81.13
31,9.95,115,5.4,0,89.76
33,3.69,107,5.3,92,78.8
92,0.33,63,5.1,37,43.97
13,9.83,53,4.7,100,78.08
92,4.68,60,7.9,34,36.0
100,8.2,112,1.4,79,29.37
84,6.61,93,6.0,88,28.65
68,2.6,63,3.5,36,47.19
56,1.05,106,9.2,63,78.66
85,7.42,54,7.5,96,22.63
96,7.06,3,5.1,81,12.98
26,3.75,31,7.1,54,85.26
76,7.39,42,6.8,41,28.48
80,8.61,22,6.7,29,23.19
66,8.08,17,9.9,39,32.35
69,2.49,64,8.9,48,41.39
46,4.03,50,1.2,69,80.15
19,8.28,37,9.9,53,72.84
46,1.85,85,5.6,54,82.87
59,4.17,29,4.4,74,64.81
40,5.37,64,9.5,17,82.16
16,3.15,86,1.6,55,99.05
18,3.26,97,9.1,0,97.72
51,8.65,69,0.8,50,74.83
15,1.69,60,4.8,25,98.46
79,1.16,99,9.3,42,48.29
78,8.78,108,3.9,77,34.62
15,1.6,18,7.0,49,89.45
69,6.55,104,6.5,53,36.99
57,0.87,17,2.2,96,68.31
54,3.92,56,7.1,1,77.24
54,8.29,79,9.8,79,61.16
78,6.29,28,1.5,40,35.29
40,9.18,2,8.3,30,58.04
95,9.26,9,1.5,97,6.31
29,8.14,59,1.3,73,76.79
50,6.43,55,5.9,31,72.48
14,7.59,27,2.0,58,79.2
35,5.17,12,3.4,86,71.89
59,0.25,62,5.8,74,77.38
42,0.87,40,0.8,39,84.33
96,0.9,100,8.5,95,33.07
8,3.43,16,1.6,93,86.7
39,7.15,84,5.5,54,76.33
16,1.95,111,3.0,44,100.0
81,2.01,13,7.6,94,28.28
46,8.81,8,3.1,26,63.2
14,2.17,118,7.4,51,100.0
45,9.62,81,8.3,2,72.92
65,9.17,18,5.7,32,23.67
2,4.34,54,8.3,71,90.29
51,7.91,117,6.2,45,74.48
53,3.95,48,0.2,79,72.62
15,4.5,28,4.6,5,87.24
77,5.46,89,6.0,32,43.04
25,0.27,83,2.2,51,92.37
1,4.27,29,3.0,89,92.09
43,5.36,77,2.5,97,75.94
47,0.01,65,0.2,86,91.15
78,3.34,80,8.4,1,47.34
2,4.92,39,7.7,99,84.2
77,5.74,33,9.4,5,29.63
17,3.28,117,6.0,50,100.0
70,5.55,18,3.4,26,39.92
14,4.3,68,7.1,36,89.86
8,6.35,92,2.9,25,98.27
10,7.04,105,6.7,34,94.7
13,2.65,9,9.3,33,86.15
0,5.64,3,1.7,97,81.51
84,6.17,3,5.8,18,25.84
97,1.84,50,4.9,56,32.49
11,4.9,7,2.8,52,87.15
7,7.74,105,4.4,13,100.0
53,7.5,85,5.6,49,66.66
25,7.37,117,8.6,85,81.36
43,8.52,61,0.1,16,74.32
50,0.85,71,3.4,69,83.36
84,2.81,38,4.8,58,36.18
95,8.46,41,1.9,51,22.81
41,0.62,25,4.7,22,84.27
84,2.51,46,4.2,97,30.54
83,4.49,113,3.5,17,43.46
29,3.67,9,4.0,48,75.79
10,8.69,89,8.7,46,87.96
41,6.31,100,2.9,57,76.3
22,2.65,79,3.2,23,94.9
17,9.13,4,1.6,53,72.99
12,3.17,2,8.5,57,80.79
74,7.43,81,3.8,85,33.69
75,0.8,100,3.9,89,45.74
39,7.46,72,4.1,100,71.9
12,6.49,73,7.2,40,88.78
6,7.6,31,3.0,14,86.55
99,7.56,64,2.1,25,21.52
90,8.47,76,1.3,15,30.83
93,7.69,67,8.4,30,29.55
96,0.87,11,4.0,53,28.74
27,8.3,68,9.8,97,68.55
41,4.29,52,3.3,55,82.88
71,9.24,50,2.0,14,34.27
82,2.42,9,3.0,3,38.03
94,6.43,103,3.4,86,33.63
66,6.4,52,1.8,34,39.52
62,6.54,97,7.6,3,46.13
49,7.42,41,9.2,68,62.76
97,4.74,38,6.6,16,25.85
34,5.77,117,1.5,48,89.75
61,6.65,21,0.8,58,36.61
1,9.34,103,6.6,94,80.76
30,7.5,47,4.2,97,71.43
89,5.82,110,7.2,26,42.06
67,9.39,93,3.9,35,41.95
48,1.11,84,4.2,94,85.52
43,2.04,86,1.6,83,79.78
36,8.58,29,6.2,77,65.53
61,5.13,83,7.8,43,44.75
67,3.76,65,3.4,9,48.02
95,4.85,76,0.5,9,35.49
50,5.22,64,7.2,77,66.53
84,7.66,48,0.2,68,29.21
42,0.27,99,5.6,12,96.01
77,6.1,61,4.3,48,38.04
70,3.36,20,9.5,79,32.19
55,9.31,115,4.5,53,70.39
20,5.8,69,9.5,18,89.74
96,9.99,2,8.2,98,4.7
54,0.74,43,0.9,84,68.26
55,9.67,86,3.9,76,67.67
65,9.38,119,0.9,62,41.42
41,9.61,19,7.9,26,62.61
99,7.49,68,10.0,70,13.74
80,8.83,39,1.7,24,28.92
87,0.59,67,5.4,13,49.26
68,5.15,56,6.7,81,39.91
98,0.14,0,3.5,8,31.24
14,0.32,59,7.9,85,92.66
19,2.38,48,7.5,9,97.53
46,1.44,95,6.5,85,85.4
26,7.07,38,8.7,81,72.24
43,4.5,94,7.2,70,77.21
58,3.94,72,2.4,50,74.73
34,5.5,13,3.5,3,77.15
27,3.21,106,1.7,30,100.0
22,1.2,37,1.1,78,85.18
56,0.48,105,3.2,49,84.43
41,3.09,11,5.1,65,79.25
16,2.42,61,0.0,33,94.27
69,4.92,44,7.4,33,38.29
66,9.38,85,9.5,66,36.56
75,4.84,16,6.2,65,28.22
16,2.71,82,4.1,73,93.29
8,2.17,82,1.4,3,100.0
67,2.42,39,7.2,34,46.92
94,2.68,88,7.8,67,31.66
98,6.36,1,0.1,51,19.67
65,3.29,42,8.7,21,46.83
98,8.16,11,7.3,83,7.51
38,0.53,56,6.6,11,83.63
56,7.52,79,5.7,34,75.76
2,2.61,89,5.8,70,100.0
33,4.45,30,2.3,70,73.76
65,9.3,62,5.0,56,33.12
11,1.33,16,4.6,69,88.67
22,1.06,69,3.0,85,90.43
92,5.0,48,6.5,21,36.52
4,0.34,37,0.9,36,98.79
9,2.65,47,10.0,86,87.46
96,1.03,101,1.5,27,52.63
79,1.07,118,4.4,44,54.31
19,6.26,90,3.2,26,92.36
46,2.6,37,3.9,91,69.19
97,9.69,95,7.1,94,20.42
53,6.39,50,4.4,2,73.83
63,6.03,10,0.2,57,30.07
65,0.65,74,6.8,64,47.59
62,1.28,30,2.6,0,52.36
66,2.13,1,8.3,63,38.28
73,0.55,1,4.6,60,39.92
69,9.14,2,4.8,89,19.19
60,7.5,89,7.2,25,42.97
15,0.4,36,1.4,46,96.43
94,9.73,79,4.6,20,26.96
89,2.45,101,8.4,10,46.83
71,2.43,116,6.7,20,57.4
84,7.6,19,5.1,45,18.75
30,6.32,92,5.5,14,91.84
79,8.7,108,1.8,85,36.26
70,5.88,103,1.2,27,48.39
96,5.41,120,6.0,87,31.63
76,0.27,50,2.6,91,47.03
4,8.93,41,3.5,26,88.7
57,1.3,24,7.6,26,74.27
51,3.43,66,6.0,57,77.55
69,7.77,57,7.0,86,31.58
19,8.51,111,3.0,64,91.25
80,4.32,116,0.3,93,45.2
54,1.76,85,6.2,44,80.53
25,4.84,23,1.4,34,85.41
53,8.95,14,6.8,10,58.66
64,7.55,114,9.1,68,42.54
81,9.84,40,3.5,86,19.39
70,2.52,2,2.6,48,39.73
70,2.23,19,4.5,35,41.94
31,6.77,0,4.7,34,70.04
54,1.05,57,5.1,68,76.97
50,1.3,106,7.3,100,86.19
21,2.29,99,6.8,46,94.04
38,1.03,89,4.6,79,85.55
94,9.92,100,1.8,47,27.36
13,9.8,98,2.3,57,89.63
40,7.81,100,8.2,3,80.07
11,4.89,13,4.4,98,77.56
31,9.41,80,9.5,8,79.17
48,2.53,99,8.8,61,83.39
77,3.5,5,7.2,28,34.86
78,3.75,81,4.6,48,40.84
13,9.8,113,6.0,63,89.17
44,5.8,57,2.7,57,74.64
96,9.65,36,0.8,97,10.55
4,1.36,30,3.4,31,100.0
75,7.82,89,3.8,29,44.35
8,3.42,61,4.2,67,91.35
43,1.38,86,2.8,60,87.49
40,6.58,30,5.8,1,72.93
68,4.46,43,6.1,55,35.2
42,3.61,33,6.4,70,74.3
66,9.96,25,6.3,23,25.63
52,3.45,59,6.0,41,78.23
10,6.3,89,1.5,99,93.19
51,0.17,21,2.8,93,76.22
29,5.06,56,9.6,19,81.01
24,6.64,74,7.6,71,82.11
95,5.87,61,5.3,49,27.53
41,7.51,59,7.2,82,67.49
15,8.13,25,1.8,71,79.52
4,4.4,116,8.3,25,100.0
27,6.69,22,0.5,17,82.67
29,9.12,76,10.0,25,74.42
1,9.17,45,9.0,87,79.25
17,5.86,71,6.2,16,86.73
69,8.32,117,9.5,38,40.62
11,6.32,21,9.0,47,78.96
12,4.59,9,7.8,8,86.33
78,4.68,24,9.3,50,28.52
58,6.66,47,6.3,18,67.44
66,4.3,72,1.7,4,52.65
91,6.14,81,1.0,40,34.36
1,0.25,79,9.9,98,100.0
57,2.12,34,6.4,14,75.64
59,2.07,104,0.2,73,83.44
1,2.69,65,6.8,25,100.0
28,1.6,77,7.4,47,92.73
89,8.99,37,7.7,64,15.86
20,8.44,69,5.2,43,85.44
39,3.41,2,8.3,75,69.16
65,2.01,85,9.7,68,48.07
98,5.67,65,5.4,32,28.3
38,6.45,36,9.8,59,69.71
98,0.5,100,8.2,4,44.58
51,5.42,92,7.1,60,76.09
1,7.66,25,4.9,66,82.46
96,5.37,4,8.7,11,18.95
34,5.18,4,5.8,76,70.02
56,8.04,2,6.2,83,43.32
32,1.32,49,6.7,15,90.85
75,2.97,105,8.6,45,47.6
46,4.48,103,7.2,49,82.83
76,9.61,95,7.9,35,32.56
79,7.14,23,8.0,17,26.45
6,4.18,68,1.3,15,98.96
28,7.59,13,5.8,32,72.69
24,1.92,22,5.1,80,84.47
29,8.48,102,3.4,81,73.94
22,3.39,32,8.3,17,89.31
53,5.73,90,9.1,100,69.05
33,3.34,67,9.8,87,79.58
89,1.71,93,3.1,79,41.82
6,3.23,15,5.5,11,97.35
42,3.77,16,1.8,5,75.93
87,2.76,24,2.1,91,25.26
83,7.76,96,7.2,100,30.13
69,9.17,46,0.5,25,36.42
70,3.53,30,3.2,94,37.83
28,1.27,16,5.2,35,88.2
81,1.27,36,7.0,98,32.51
63,0.38,53,6.7,82,46.64
62,8.37,48,7.9,99,28.21
93,3.0,11,5.9,42,30.7
25,3.13,83,1.0,3,97.18
85,9.33,22,8.5,74,15.89
7,8.76,100,7.6,49,90.56
13,4.87,98,9.9,10,100.0
52,7.25,55,1.9,38,77.63
24,7.43,42,10.0,47,75.11
95,2.49,12,8.9,91,21.33
77,4.5,120,9.9,100,35.39
71,6.26,80,8.4,97,36.67
5,5.27,66,8.8,11,94.79
22,5.08,95,1.2,27,92.85
13,0.22,80,0.2,69,100.0
81,0.93,119,6.4,33,51.8
39,9.37,74,6.4,23,76.21
56,9.55,103,7.0,22,69.03
84,9.2,85,2.6,92,25.96
77,4.02,23,6.8,52,34.54
71,2.44,99,7.7,48,49.82
62,3.73,56,7.8,6,43.32
39,1.9,61,3.8,77,82.6
24,5.79,27,0.0,94,75.49
19,1.59,10,4.2,86,84.36
57,5.0,114,6.1,47,76.0
44,7.97,115,0.9,24,79.79
79,3.28,73,4.0,18,44.61
27,6.63,110,9.9,9,96.05
100,9.75,74,9.0,75,6.62
53,8.64,39,9.0,93,59.51
92,5.49,97,9.6,71,34.0
100,6.22,96,8.4,18,28.77
32,4.44,31,8.7,7,81.36
56,0.85,8,1.4,34,78.23
45,7.25,45,0.2,47,68.57
7,0.22,34,7.8,37,99.42
91,3.67,95,6.0,16,49.89
32,5.24,51,7.3,92,75.78
92,5.62,57,6.5,9,31.32
5,6.18,120,3.6,19,100.0
9,6.69,104,4.1,11,99.35
9,0.53,48,9.8,61,98.22
89,0.94,55,1.7,55,49.31
3,9.0,11,2.5,76,81.82
86,4.18,79,8.7,92,35.52
74,6.98,57,7.1,11,35.78
89,5.41,104,9.2,76,37.0
54,2.09,88,4.7,16,92.29
27,8.01,14,1.6,78,72.43
32,8.3,11,6.2,22,72.54
53,6.01,27,6.9,98,61.55
46,4.6,37,5.1,61,69.38
85,0.88,80,7.3,32,48.03
80,9.91,111,5.6,26,33.44
63,8.82,92,5.8,15,37.69
16,6.6,119,3.3,37,92.08
99,0.48,43,2.1,16,36.13
78,1.99,41,8.9,95,33.55
95,2.69,107,4.7,34,42.85
97,2.62,53,1.0,68,33.59
85,7.35,9,8.8,75,11.83
91,6.18,19,5.5,8,29.08
7,7.23,50,2.0,36,93.3
49,9.99,117,4.8,30,77.41
70,0.95,117,3.2,45,53.38
55,1.91,88,7.2,37,84.44
58,2.68,83,7.0,44,79.14
90,0.71,58,9.5,62,38.92
69,9.69,61,6.5,99,27.08
100,6.22,103,5.3,84,29.35
52,6.23,82,9.7,15,79.28
71,2.69,51,3.8,38,43.08
9,7.06,54,2.2,35,88.02
20,1.31,23,4.1,6,96.25
93,6.08,70,4.7,10,31.09
72,0.85,62,2.9,91,43.64
79,8.74,33,8.0,30,25.33
92,2.33,12,7.5,14,35.67
67,2.12,65,9.6,38,47.55
76,9.08,20,0.2,18,28.08
100,5.55,74,9.3,60,22.37
25,0.75,102,8.7,28,100.0
67,1.88,112,5.6,60,53.26
91,5.19,72,0.9,64,29.12
91,7.5,64,5.2,83,22.78
64,0.08,81,0.3,30,58.53
92,2.83,25,2.4,85,26.54
24,4.03,85,1.5,35,94.39
100,3.41,25,5.6,83,21.04
32,0.79,99,6.4,45,97.55
83,3.76,7,5.7,88,25.21
18,9.42,78,8.7,73,75.36
90,7.19,4,1.9,26,27.36
77,3.02,110,6.2,93,45.77
11,2.52,92,9.0,39,99.78
48,5.51,86,3.7,74,68.26
73,1.29,69,9.0,75,49.11
42,1.95,26,7.6,36,76.17
78,5.02,50,3.1,69,35.84
98,5.41,59,9.7,57,25.18
41,7.43,70,4.1,51,77.91
30,6.66,17,9.5,55,72.51
54,2.56,9,4.5,14,72.47
2,6.02,69,8.9,62,86.58
91,8.96,46,8.9,70,16.53
14,8.65,115,4.1,1,95.1
25,1.5,93,1.3,10,98.6
64,5.72,0,8.1,84,28.69
87,0.73,11,7.4,81,30.11
0,1.3,96,6.5,35,100.0
25,0.43,37,6.6,74,89.91
50,0.18,28,6.9,57,72.38
28,5.43,115,8.0,13,91.14
75,6.77,93,2.8,41,43.63
55,6.1,105,2.9,29,83.12
70,3.79,8,4.1,48,33.32
82,6.61,39,3.4,8,35.73
21,2.18,105,8.6,72,96.87
6,4.69,15,7.7,36,85.32
82,7.46,80,5.8,85,26.81
32,8.58,110,4.6,81,78.76
73,3.45,3,6.6,76,33.05
9,9.95,84,4.3,14,90.73
98,4.08,104,1.1,63,34.87
22,9.63,90,8.4,33,81.08
62,4.65,48,6.0,59,39.56
40,5.44,57,9.8,35,73.87
78,2.64,35,1.1,27,45.37
41,0.15,81,5.9,38,92.91
81,4.26,20,5.0,3,33.19
86,9.39,109,8.5,97,20.31
60,3.33,83,4.0,0,53.47
27,9.62,111,1.9,16,90.31
97,0.57,10,6.3,95,16.79
30,8.18,72,4.3,20,77.91
76,3.16,68,1.0,94,36.49
3,5.35,24,6.0,85,84.85
86,8.0,33,9.8,93,13.57
93,1.97,105,1.2,0,51.67
71,9.32,12,3.9,43,23.76
10,1.59,19,5.9,81,86.03
56,7.19,97,0.9,72,75.17
67,5.08,69,0.7,89,39.36
16,6.9,50,0.2,62,90.4
24,9.1,70,0.7,21,84.23
88,9.58,25,2.3,99,11.37
65,3.06,72,9.6,34,42.51
40,0.83,84,3.4,97,85.92
65,1.81,53,7.7,27,51.89
36,7.67,104,0.8,3,90.41
74,9.37,11,3.6,79,19.75
34,5.1,40,9.0,17,80.81
48,8.96,57,1.2,57,69.7
81,4.22,62,6.8,71,34.23
66,7.65,85,2.3,16,43.96
13,8.51,61,9.0,75,77.19
74,7.55,3,9.1,39,20.74
46,8.12,47,0.5,84,72.5
3,6.49,76,7.2,25,97.88
76,5.12,57,1.3,82,33.41
27,7.66,9,7.6,76,67.26
57,5.93,13,6.7,83,57.21
23,1.37,12,7.1,46,84.37
15,7.53,95,9.1,2,95.69
77,5.41,116,2.9,61,44.13
48,5.31,32,9.7,75,61.11
22,8.43,96,8.5,78,83.49
70,1.12,105,6.0,45,58.13
74,1.67,61,8.3,53,36.32
87,0.39,65,5.1,32,42.62
54,0.4,7,1.6,47,77.98
60,2.41,21,6.9,53,42.99
81,9.12,48,8.2,64,24.2
90,6.61,74,8.3,70,23.46
14,5.34,100,1.0,29,100.0
19,2.49,72,8.1,38,99.07
84,0.36,12,0.8,50,40.25
63,7.48,37,7.4,17,36.36
42,7.33,67,3.8,35,83.59
9,2.59,104,4.5,74,100.0
100,8.63,24,7.8,24,17.23
10,6.46,49,9.3,88,84.57
13,2.05,24,4.5,68,91.64
4,3.03,18,4.8,93,88.77
13,5.56,89,9.1,15,94.54
78,5.2,43,4.4,92,30.37
82,3.88,1,1.5,98,21.95
86,3.65,91,0.2,13,46.27
64,0.58,62,6.4,89,44.83
80,0.09,63,7.7,78,36.08
18,0.18,87,5.2,85,97.4
14,0.38,26,0.9,51,95.4
94,3.57,62,3.2,92,33.82
81,6.54,102,8.9,75,29.49
30,4.86,104,2.4,38,94.44
27,7.2,118,1.1,42,91.63
55,3.11,110,0.7,91,76.93
22,9.07,60,4.9,85,74.32
93,7.66,21,2.8,61,21.39
81,2.83,89,5.5,29,45.44
56,1.97,30,6.7,12,72.06
57,9.46,96,4.7,94,63.69
34,6.26,95,2.2,84,81.6
96,3.06,82,1.0,94,35.57
78,8.23,106,3.2,5,40.54
72,5.81,97,0.7,81,46.42
72,6.11,52,8.6,69,34.8
77,2.62,87,9.0,42,43.64
90,3.56,23,4.8,27,33.35
81,2.11,105,3.2,67,50.94
92,4.85,24,9.2,1,26.46
88,5.02,25,9.1,26,30.81
60,8.1,2,5.4,40,19.78
36,7.66,7,2.7,82,62.13
9,0.83,48,9.3,29,97.91
4,2.53,70,7.6,51,99.11
22,2.67,39,8.5,40,91.63
99,1.04,68,7.1,70,31.39
89,8.95,23,8.6,3,19.77
45,3.43,42,0.1,92,72.6
58,3.39,59,1.4,54,77.75
13,6.62,14,9.7,77,70.05
93,6.69,62,5.4,64,25.77
3,8.53,0,8.3,85,69.95
80,0.51,110,9.8,20,57.46
12,7.86,74,1.9,69,86.17
46,8.96,57,9.6,97,53.21
63,0.23,47,0.7,80,48.17
0,9.93,32,5.7,25,83.75
76,1.4,32,5.3,40,50.42
71,9.5,55,8.4,68,27.14
87,0.78,88,0.6,0,52.05
28,9.66,72,1.3,59,73.63
35,3.74,48,0.4,19,89.48
49,7.89,49,1.5,41,66.7
14,7.71,10,3.6,23,78.49
87,8.68,75,5.3,88,29.21
91,7.03,93,8.1,85,28.48
90,0.98,30,2.2,98,28.63
52,0.81,84,2.3,6,94.7
16,5.13,29,1.2,21,89.3
42,7.77,26,3.3,34,78.7
25,0.76,18,9.8,44,84.86
25,1.97,57,2.3,27,100.0
36,1.95,39,3.7,60,76.38
8,5.79,60,1.1,1,92.5
41,2.98,80,0.8,66,86.13
29,4.03,18,6.8,82,71.24
81,8.41,1,6.9,74,15.23
30,0.95,79,0.2,6,100.0
46,5.6,52,0.6,18,78.9
80,8.95,5,6.9,72,16.75
22,4.69,68,5.9,58,85.91
35,4.96,87,1.8,16,89.47
44,2.54,20,3.0,51,73.98
81,8.64,66,1.8,43,31.79
78,6.9,27,4.2,50,25.35
52,3.68,16,7.3,73,69.42
17,2.16,63,1.9,94,95.81
58,0.23,2,5.2,82,65.69
60,9.12,89,0.8,13,43.63
90,9.56,47,7.1,84,13.54
100,1.16,84,8.9,98,32.56
37,6.04,104,0.9,59,86.56
13,9.01,96,3.8,11,95.76
54,8.33,38,3.3,28,61.52
30,5.13,45,7.0,51,76.16
9,1.4,40,8.7,2,98.42
95,2.5,97,4.2,68,38.53
66,8.84,70,1.1,85,31.39
59,8.61,55,6.0,96,58.45
68,8.67,71,4.0,3,40.9
25,6.81,38,3.3,89,72.09
32,9.3,19,2.2,44,72.89
41,2.39,105,7.8,89,85.93
8,6.58,15,7.3,77,81.19
23,8.46,1,2.6,20,77.24
18,8.36,21,5.0,31,76.08
83,8.27,100,3.9,88,30.33
96,0.61,109,4.2,92,42.74
2,1.05,81,4.1,99,100.0
63,4.65,94,2.6,96,40.9
89,8.22,109,6.6,95,27.8
70,7.21,54,3.9,10,41.29
13,7.07,79,0.1,61,84.25
67,5.81,42,9.2,51,32.54
21,0.01,72,7.1,43,100.0
44,4.17,17,8.2,32,73.61
17,9.98,64,9.9,60,78.3
